<?xml version="1.0" encoding="UTF-8"?>
<!--

    Licensed to the Apache Software Foundation (ASF) under one
    or more contributor license agreements.  See the NOTICE file
    distributed with this work for additional information
    regarding copyright ownership.  The ASF licenses this file
    to you under the Apache License, Version 2.0 (the
    "License"); you may not use this file except in compliance
    with the License.  You may obtain a copy of the License at

    http://www.apache.org/licenses/LICENSE-2.0

    Unless required by applicable law or agreed to in writing,
    software distributed under the License is distributed on an
    "AS IS" BASIS, WITHOUT WARRANTIES OR CONDITIONS OF ANY
    KIND, either express or implied.  See the License for the
    specific language governing permissions and limitations
    under the License.
-->
<resource xmlns:xsi="http://www.w3.org/2001/XMLSchema-instance" xsi:noNamespaceSchemaLocation="https://ofbiz.apache.org/dtds/ofbiz-properties.xsd">
    <property key="ExampleEditHelp">
        <value xml:lang="en">An example of a Help screen.</value>
        <value xml:lang="fr">Un exemple d'écran d'aide</value>
        <value xml:lang="it">Un esempio di schermata di aiuto.</value>
        <value xml:lang="ja">ヘルプ画面のサンプル。</value>
        <value xml:lang="zh">帮助屏幕的样例</value>
        <value xml:lang="zh-TW">説明螢幕的範例</value>
    </property>
</resource>
