<?xml version="1.0" encoding="UTF-8"?>
<!--
Licensed to the Apache Software Foundation (ASF) under one
or more contributor license agreements.  See the NOTICE file
distributed with this work for additional information
regarding copyright ownership.  The ASF licenses this file
to you under the Apache License, Version 2.0 (the
"License"); you may not use this file except in compliance
with the License.  You may obtain a copy of the License at

http://www.apache.org/licenses/LICENSE-2.0

Unless required by applicable law or agreed to in writing,
software distributed under the License is distributed on an
"AS IS" BASIS, WITHOUT WARRANTIES OR CONDITIONS OF ANY
KIND, either express or implied.  See the License for the
specific language governing permissions and limitations
under the License.
-->

<site-conf xmlns:xsi="http://www.w3.org/2001/XMLSchema-instance"
        xmlns="http://ofbiz.apache.org/Site-Conf" xsi:schemaLocation="http://ofbiz.apache.org/Site-Conf http://ofbiz.apache.org/dtds/site-conf.xsd">
    <include location="component://product/webapp/catalog/WEB-INF/controller.xml"/>

    <description>eBay Component Site Configuration File</description>

    <request-map uri="main">
        <security https="true" auth="true"/>
        <response name="success" type="view" value="main"/>
    </request-map>

    <request-map uri="ProductsExportToEbay">
        <security https="true" auth="true"/>
        <response name="success" type="view" value="ProductsExportToEbay"/>
    </request-map>

    <request-map uri="PostProductsToEbay">
        <security https="true" auth="true"/>
        <event type="service" path="" invoke="exportToEbay"/>
        <response name="success" type="view" value="ProductsExportToEbay"/>
        <response name="error" type="view" value="ProductsExportToEbay"/>
    </request-map>

    <request-map uri="ManageOrdersFromEbay">
        <security https="true" auth="true"/>
        <response name="success" type="view" value="ManageOrdersFromEbay"/>
        <response name="failure" type="view" value="ManageOrdersFromEbay"/>
    </request-map>

    <request-map uri="ImportOrdersSearchFromEbay">
        <security https="true" auth="true"/>
        <event type="service" path="" invoke="importOrdersSearchFromEbay"/>
        <response name="success" type="view" value="ManageOrdersFromEbay"/>
        <response name="failure" type="view" value="ManageOrdersFromEbay"/>
    </request-map>

    <request-map uri="ImportOrderFromEbay">
        <security https="true" auth="true"/>
        <event type="service-multi" path="" invoke="importOrderFromEbay"/>
        <response name="success" type="view" value="ManageOrdersFromEbay"/>
        <response name="error" type="view" value="ManageOrdersFromEbay"/>
        <response name="failure" type="view" value="ManageOrdersFromEbay"/>
    </request-map>

    <request-map uri="setEbayOrderToComplete">
        <security https="true" auth="true"/>
        <event type="service" invoke="setEbayOrderToComplete"/>
        <response name="success" type="view" value="ManageOrdersFromEbay"/>
        <response name="failure" type="view" value="ManageOrdersFromEbay"/>
    </request-map>
    
    <!-- Ebay configuration setting request -->
    
    <request-map uri="FindEbayConfigurations">
        <security https="true" auth="true"/>
        <response name="success" type="view" value="FindEbayConfigurations"/>
        <response name="error" type="view" value="FindEbayConfigurations"/>
    </request-map>
    <request-map uri="createEbayConfiguration">
        <security https="true" auth="true"/>
        <event type="service" invoke="createEbayConfiguration"/>
        <response name="success" type="view" value="EditEbayConfiguration"/>
        <response name="error" type="view" value="EditEbayConfiguration"/>
    </request-map>
    <request-map uri="updateEbayConfiguration">
        <security https="true" auth="true"/>
        <event type="service" invoke="updateEbayConfiguration"/>
        <response name="success" type="view" value="EditEbayConfiguration"/>
        <response name="error" type="view" value="EditEbayConfiguration"/>
    </request-map>
    <request-map uri="deleteEbayConfiguration">
        <security https="true" auth="true"/>
        <event type="service" invoke="deleteEbayConfiguration"/>
        <response name="success" type="view" value="FindEbayConfigurations"/>
        <response name="error" type="view" value="FindEbayConfigurations"/>
    </request-map>
    
    <request-map uri="EbayShippingMethods">
        <security https="true" auth="true"/>
        <response name="success" type="view" value="EbayShippingMethods"/>
    </request-map>
    <request-map uri="createEbayShippingMethod">
        <security https="true" auth="true"/>
        <event type="service" invoke="createEbayShippingMethod"/>
        <response name="success" type="view" value="EbayShippingMethods"/>
        <response name="error" type="view" value="EbayShippingMethods"/>
    </request-map>
    <request-map uri="updateEbayShippingMethod">
        <security https="true" auth="true"/>
        <event type="service" invoke="updateEbayShippingMethod"/>
        <response name="success" type="view" value="EbayShippingMethods"/>
        <response name="error" type="view" value="EbayShippingMethods"/>
    </request-map>
    <request-map uri="deleteEbayShippingMethod">
        <security https="true" auth="true"/>
        <event type="service" invoke="deleteEbayShippingMethod"/>
        <response name="success" type="view" value="EbayShippingMethods"/>
        <response name="error" type="view" value="EbayShippingMethods"/>
    </request-map>
    
    <!-- New Import Order entries -->
    <request-map uri="eBayOrders">
        <security https="true" auth="true"/>
        <response name="success" type="view" value="FindEbayOrders"/>
        <response name="failure" type="view" value="FindEbayOrders"/>
    </request-map>

    <request-map uri="GetEbayOrders">
        <security https="true" auth="true"/>
        <event type="service" invoke="getEbayOrders"/>
        <response name="success" type="view" value="EbayOrders"/>
        <response name="failure" type="view" value="EbayOrders"/>
    </request-map>

    <request-map uri="importEbayOrders">
        <security https="true" auth="true"/>
        <event type="service-multi" invoke="importEbayOrders"/>
        <response name="success" type="request" value="updatedEbayOrders"/>
        <response name="failure" type="view" value="FindEbayOrders"/>
        <response name="error" type="view" value="FindEbayOrders"/>
    </request-map>

    <request-map uri="updatedEbayOrders">
        <security https="true" auth="true"/>
        <event type="groovy" path="component://ebay/src/main/groovy/org/apache/ofbiz/ebay/UpdatedEbayOrders.groovy"/>
        <response name="success" type="view" value="FindEbayOrders"/>
        <response name="failure" type="view" value="FindEbayOrders"/>
        <response name="error" type="view" value="FindEbayOrders"/>
    </request-map>

    <request-map uri="EditEbayConfiguration">
        <security https="true" auth="true"/>
        <response name="success" type="view" value="EditEbayConfiguration"/>
        <response name="error" type="view" value="EditEbayConfiguration"/>
    </request-map>
    <!-- end of request mappings -->

    <!-- View Mappings -->
    <view-map name="main" type="screen" page="component://ebay/widget/EbayScreens.xml#advancedsearch"/>
    <view-map name="advancedsearch" type="screen" page="component://ebay/widget/EbayScreens.xml#advancedsearch"/>
    <view-map name="keywordsearch" type="screen" page="component://ebay/widget/EbayScreens.xml#keywordsearch"/>
    <view-map name="ProductsExportToEbay" type="screen" page="component://ebay/widget/EbayScreens.xml#ProductsExportToEbay"/>
    <view-map name="ManageOrdersFromEbay" type="screen" page="component://ebay/widget/EbayScreens.xml#ManageOrdersFromEbay"/>
    <view-map name="EbayOrders" type="screen" page="component://ebay/widget/EbayScreens.xml#EbayOrders"/>
    <view-map name="FindEbayOrders" type="screen" page="component://ebay/widget/EbayScreens.xml#FindEbayOrders"/>
    <view-map name="FindEbayConfigurations" type="screen" page="component://ebay/widget/EbayScreens.xml#FindEbayConfigurations"/>
    <view-map name="EbayShippingMethods" type="screen" page="component://ebay/widget/EbayScreens.xml#EbayShippingMethods"/>
    <view-map name="EditEbayConfiguration" type="screen" page="component://ebay/widget/EbayScreens.xml#EditEbayConfiguration"/>
    <!-- end of view mappings -->
</site-conf>
