<?xml version="1.0" encoding="UTF-8"?>
<!--
Licensed to the Apache Software Foundation (ASF) under one
or more contributor license agreements.  See the NOTICE file
distributed with this work for additional information
regarding copyright ownership.  The ASF licenses this file
to you under the Apache License, Version 2.0 (the
"License"); you may not use this file except in compliance
with the License.  You may obtain a copy of the License at

http://www.apache.org/licenses/LICENSE-2.0

Unless required by applicable law or agreed to in writing,
software distributed under the License is distributed on an
"AS IS" BASIS, WITHOUT WARRANTIES OR CONDITIONS OF ANY
KIND, either express or implied.  See the License for the
specific language governing permissions and limitations
under the License.
-->

<screens xmlns:xsi="http://www.w3.org/2001/XMLSchema-instance"
        xmlns="http://ofbiz.apache.org/Widget-Screen" xsi:schemaLocation="http://ofbiz.apache.org/Widget-Screen http://ofbiz.apache.org/dtds/widget-screen.xsd">

    <screen name="main-decorator">
        <section>
            <actions>
                <property-map resource="AssetMaintUiLabels" map-name="uiLabelMap" global="true"/>
                <property-map resource="AccountingUiLabels" map-name="uiLabelMap" global="true"/>
                <property-map resource="PartyUiLabels" map-name="uiLabelMap" global="true"/>
                <property-map resource="ProductUiLabels" map-name="uiLabelMap" global="true"/>
                <property-map resource="WorkEffortUiLabels" map-name="uiLabelMap" global="true"/>
                <property-map resource="CommonUiLabels" map-name="uiLabelMap" global="true"/>
                <set field="activeApp" value="assetmaint" global="true"/>
                <set field="layoutSettings.companyName" from-field="uiLabelMap.AssetMaintCompanyName" global="true"/>
                <set field="layoutSettings.companySubtitle" from-field="uiLabelMap.AssetMaintCompanySubtitle" global="true"/>
                <!-- layoutSettings.headerImageUrl can be used to specify an application specific logo; if not set,
                     then the global layoutSettings.commonHeaderImageUrl (specified in GlobalDecorator) will be used. -->
                <!--<set field="layoutSettings.headerImageUrl" value="/images/ofbiz_logo.png" global="true"/>-->
                <set field="applicationMenuName" value="AssetMaintAppBar" global="true"/>
                <set field="applicationMenuLocation" value="${parameters.mainMenuLocation}" global="true"/>
                <set field="applicationTitle" from-field="uiLabelMap.AssetMaintApplication"/>
                <set field="helpAnchor" from-field="helpAnchor" default-value="_asset_maintenance_plugin"/>
            </actions>
            <widgets>
                <include-screen name="ApplicationDecorator" location="component://commonext/widget/CommonScreens.xml"/>
            </widgets>
        </section>
    </screen>

    <screen name="CommonFacilityDecorator">
        <section>
            <actions>
                <set field="headerItem" value="facility"/>
                <set field="facilityId" from-field="parameters.facilityId"/>
                <entity-one entity-name="Facility" value-field="facility"/>
            </actions>
            <widgets>
                <decorator-screen name="main-decorator" location="${parameters.mainDecoratorLocation}">
                    <decorator-section name="pre-body">
                        <include-menu name="FacilityTabBar" location="${parameters.mainMenuLocation}"/>
                    </decorator-section>
                    <decorator-section name="body">
                        <section>
                            <condition>
                                <if-service-permission service-name="facilityGenericPermission" main-action="VIEW"/>
                            </condition>
                            <widgets>
                                <section>
                                    <condition>
                                        <or>
                                            <not><if-empty field="facility"/></not>
                                            <not><if-empty field="displayWithNoFacility"/></not>
                                        </or>
                                    </condition>
                                    <widgets>
                                        <container style="button-bar"><link target="EditFacility" text="${uiLabelMap.ProductNewFacility}" style="buttontext create"/></container>
                                        <decorator-section-include name="body"/>
                                    </widgets>
                                    <fail-widgets>
                                        <label style="h3">${uiLabelMap.ProductErrorFacilityIdNotFound}</label>
                                    </fail-widgets>
                                </section>
                            </widgets>
                            <fail-widgets>
                                <label style="h3">${uiLabelMap.AssetMaintViewPermissionError}</label>
                            </fail-widgets>
                        </section>
                    </decorator-section>
                </decorator-screen>
            </widgets>
        </section>
    </screen>

    <screen name="CommonFixedAssetDecorator">
        <section>
            <actions>
                <set field="headerItem" value="ListFixedAssets"/>
                <set field="fixedAssetId" from-field="fixedAsset.fixedAssetId" default-value="${parameters.fixedAssetId}"/>
                <entity-one entity-name="FixedAsset" value-field="fixedAsset"/>
            </actions>
            <widgets>
                <decorator-screen name="main-decorator" location="${parameters.mainDecoratorLocation}">
                    <decorator-section name="pre-body">
                        <section>
                            <condition>
                                <not><if-empty field="fixedAssetId"/></not>
                            </condition>
                            <widgets>
                                <include-menu name="FixedAssetTabBar" location="${parameters.mainMenuLocation}"/>
                            </widgets>
                        </section>
                        <decorator-section-include name="pre-body"/>
                    </decorator-section>
                    <decorator-section name="body">
                        <section>
                            <condition>
                                <if-service-permission service-name="fixedAssetPermissionCheck" main-action="VIEW"/>
                            </condition>
                            <widgets>
                                <section>
                                    <condition>
                                        <not><if-empty field="fixedAssetId"/></not>
                                    </condition>
                                    <widgets>
                                        <container style="h1"><label text="${uiLabelMap[titleProperty]} ${uiLabelMap.CommonFor} ${fixedAsset.fixedAssetName} [${fixedAssetId}]  ${${extraFunctionName}}"/></container>
                                    </widgets>
                                    <fail-widgets>
                                        <container style="h1"><label text="${uiLabelMap[titleProperty]}"/></container>
                                    </fail-widgets>
                                </section>
                                <decorator-section-include name="body"/>
                            </widgets>
                            <fail-widgets>
                                <label style="h3" text="${uiLabelMap.AccountingViewPermissionError}"/>
                            </fail-widgets>
                        </section>
                    </decorator-section>
                </decorator-screen>
            </widgets>
        </section>
    </screen>

</screens>

