<?xml version="1.0" encoding="UTF-8"?>
<!--
Licensed to the Apache Software Foundation (ASF) under one
or more contributor license agreements.  See the NOTICE file
distributed with this work for additional information
regarding copyright ownership.  The ASF licenses this file
to you under the Apache License, Version 2.0 (the
"License"); you may not use this file except in compliance
with the License.  You may obtain a copy of the License at

http://www.apache.org/licenses/LICENSE-2.0

Unless required by applicable law or agreed to in writing,
software distributed under the License is distributed on an
"AS IS" BASIS, WITHOUT WARRANTIES OR CONDITIONS OF ANY
KIND, either express or implied.  See the License for the
specific language governing permissions and limitations
under the License.
-->

<!--
   Warning: before you enable this component please read:
https://cwiki.apache.org/confluence/display/OFBIZ/Using+BIRT+with+OFBiz
-->
<ofbiz-component name="birt" enabled="false"
        xmlns:xsi="http://www.w3.org/2001/XMLSchema-instance"
        xsi:noNamespaceSchemaLocation="https://ofbiz.apache.org/dtds/ofbiz-component.xsd">
    <resource-loader name="main" type="component"/>


    <classpath type="dir" location="config"/>
    <entity-resource type="data" reader-name="seed" loader="main" location="data/BirtTypeData.xml"/>
    <entity-resource type="data" reader-name="seed" loader="main" location="data/OrderPortletData.xml"/>
    <entity-resource type="data" reader-name="demo" loader="main" location="data/BirtSecurityGroupDemoData.xml"/>
    <entity-resource type="data" reader-name="demo" loader="main" location="data/BirtMasterData.xml"/>

    <entity-resource type="data" reader-name="seed" loader="main" location="data/example/ExampleTypeData.xml"/>
    <entity-resource type="data" reader-name="seed" loader="main" location="data/example/ExampleSecurityPermissionSeedData.xml"/>
    <entity-resource type="data" reader-name="demo" loader="main" location="data/example/ExampleSecurityGroupDemoData.xml"/>
    <entity-resource type="data" reader-name="seed" loader="main" location="data/example/ExamplePortletData.xml"/>
    <entity-resource type="data" reader-name="seed" loader="main" location="data/example/ExamplePortalSeedData.xml"/>
    <entity-resource type="data" reader-name="demo" loader="main" location="data/example/ExampleDemoData.xml"/>

    <entity-resource type="model" reader-name="main" loader="main" location="entitydef/ServiceReportsView.xml"/>

    <service-resource type="model" loader="main" location="servicedef/services.xml"/>

    <!-- this overrides the accounting, facility and order applications in order to use Birt in these applications -->
    <webapp name="accounting"
        title="Accounting"
        server="default-server"
        position="5"
        location="webapp/accounting"
        base-permission="OFBTOOLS,ACCOUNTING"
        mount-point="/accounting"/>
    <webapp name="facility"
        title="Facility"
        position="3"
        description="FacilityComponentDescription"
        server="default-server"
        location="webapp/facility"
        base-permission="OFBTOOLS,FACILITY"
        mount-point="/facility"/>
    <webapp name="order"
        title="Order"
        position="4"
        description="OrderComponentDescription"
        server="default-server"
        location="webapp/ordermgr"
        base-permission="OFBTOOLS,ORDERMGR"
        mount-point="/ordermgr"/>

    <webapp name="birt"
        title="BIRT"
        position="17"
        server="default-server"
        location="webapp/birt"
        base-permission="OFBTOOLS,WEBTOOLS"
        mount-point="/birt"
        menu-name="secondary"
        app-bar-display="true"/>

    <container name="birt-container" loaders="main" class="org.apache.ofbiz.birt.container.BirtContainer"/>

</ofbiz-component>
