<?xml version="1.0" encoding="UTF-8"?>
<!--
Licensed to the Apache Software Foundation (ASF) under one
or more contributor license agreements.  See the NOTICE file
distributed with this work for additional information
regarding copyright ownership.  The ASF licenses this file
to you under the Apache License, Version 2.0 (the
"License"); you may not use this file except in compliance
with the License.  You may obtain a copy of the License at

http://www.apache.org/licenses/LICENSE-2.0

Unless required by applicable law or agreed to in writing,
software distributed under the License is distributed on an
"AS IS" BASIS, WITHOUT WARRANTIES OR CONDITIONS OF ANY
KIND, either express or implied.  See the License for the
specific language governing permissions and limitations
under the License.
-->
<entity-engine-xml>
    <SecurityGroupPermission fromDate="2001-05-13 12:00:00.0" groupId="FLEXADMIN" permissionId="MYPORTALBASE_ADMIN"/>
    <SecurityGroupPermission fromDate="2001-05-13 12:00:00.0" groupId="FULLADMIN" permissionId="MYPORTALBASE_ADMIN"/>
    
    <SecurityGroup description="Employee user of myportal, Limited access to the projectmgr, comms,custRequests" groupId="MYPORTAL_EMPLOYEE"/>
    <SecurityGroupPermission fromDate="2001-05-13 12:00:00.0" groupId="MYPORTAL_EMPLOYEE" permissionId="MYPORTALBASE_ADMIN"/>
    <SecurityGroupPermission fromDate="2001-05-13 12:00:00.0" groupId="MYPORTAL_EMPLOYEE" permissionId="MYPORTAL_EMPLOYEE"/>
    <SecurityGroupPermission fromDate="2001-05-13 12:00:00.0" groupId="MYPORTAL_EMPLOYEE" permissionId="PROJECTMGR_VIEW"/>
    <SecurityGroupPermission fromDate="2001-05-13 12:00:00.0" groupId="MYPORTAL_EMPLOYEE" permissionId="PROJECTMGR_ROLE_VIEW"/>
    <SecurityGroupPermission fromDate="2001-05-13 12:00:00.0" groupId="MYPORTAL_EMPLOYEE" permissionId="PROJECTMGR_ROLE_TASK_CREATE"/>
    <SecurityGroupPermission fromDate="2001-05-13 12:00:00.0" groupId="MYPORTAL_EMPLOYEE" permissionId="PROJECTMGR_ROLE_TIMESHEET_CREATE"/>
    <SecurityGroupPermission fromDate="2001-05-13 12:00:00.0" groupId="MYPORTAL_EMPLOYEE" permissionId="PROJECTMGR_ROLE_TIMESHEET_UPDATE"/>
    <SecurityGroupPermission fromDate="2001-05-13 12:00:00.0" groupId="MYPORTAL_EMPLOYEE" permissionId="PARTYMGR_CME_UPDATE"/>
    <SecurityGroupPermission fromDate="2001-05-13 12:00:00.0" groupId="MYPORTAL_EMPLOYEE" permissionId="PARTYMGR_CME_CREATE"/>
    <!-- for the calendar operations -->
    <SecurityGroupPermission fromDate="2001-05-13 12:00:00.0" groupId="MYPORTAL_EMPLOYEE" permissionId="WORKEFFORTMGR_ROLE_VIEW"/>
    <SecurityGroupPermission fromDate="2001-05-13 12:00:00.0" groupId="MYPORTAL_EMPLOYEE" permissionId="WORKEFFORTMGR_ROLE_CREATE"/>
    <SecurityGroupPermission fromDate="2001-05-13 12:00:00.0" groupId="MYPORTAL_EMPLOYEE" permissionId="WORKEFFORTMGR_ROLE_UPDATE"/>
    <SecurityGroupPermission fromDate="2001-05-13 12:00:00.0" groupId="MYPORTAL_EMPLOYEE" permissionId="WORKEFFORTMGR_ROLE_DELETE"/>
    <!-- be able to create internal notes and email-->
    <SecurityGroupPermission fromDate="2001-05-13 12:00:00.0" groupId="MYPORTAL_EMPLOYEE" permissionId="PARTYMGR_CME-EMAIL_CREATE"/>
    <SecurityGroupPermission fromDate="2001-05-13 12:00:00.0" groupId="MYPORTAL_EMPLOYEE" permissionId="PARTYMGR_CME-EMAIL_UPDATE"/>
    <SecurityGroupPermission fromDate="2001-05-13 12:00:00.0" groupId="MYPORTAL_EMPLOYEE" permissionId="PARTYMGR_CME-NOTE_CREATE"/>
    <SecurityGroupPermission fromDate="2001-05-13 12:00:00.0" groupId="MYPORTAL_EMPLOYEE" permissionId="PARTYMGR_VIEW"/>
    <!-- and can create customer request from emails -->
    <SecurityGroupPermission fromDate="2001-05-13 12:00:00.0" groupId="MYPORTAL_EMPLOYEE" permissionId="ORDERMGR_CRQ_CREATE"/>
    <!-- and can upload content for email/task/project -->
    <SecurityGroupPermission fromDate="2001-05-13 12:00:00.0" groupId="MYPORTAL_EMPLOYEE" permissionId="CONTENTMGR_ROLE_CREATE"/>

    <SecurityGroup description="Employee user of MYPORTAL, Limited access to the projectmgr and comms, custReq, no email" groupId="MYPORTAL_EMPL-NOEML"/>
    <SecurityGroupPermission fromDate="2001-05-13 12:00:00.0" groupId="MYPORTAL_EMPL-NOEML" permissionId="MYPORTALBASE_ADMIN"/>
    <SecurityGroupPermission fromDate="2001-05-13 12:00:00.0" groupId="MYPORTAL_EMPL-NOEML" permissionId="MYPORTAL_EMPLOYEE"/>
    <SecurityGroupPermission fromDate="2001-05-13 12:00:00.0" groupId="MYPORTAL_EMPL-NOEML" permissionId="PROJECTMGR_VIEW"/>
    <SecurityGroupPermission fromDate="2001-05-13 12:00:00.0" groupId="MYPORTAL_EMPL-NOEML" permissionId="PROJECTMGR_ROLE_VIEW"/>
    <SecurityGroupPermission fromDate="2001-05-13 12:00:00.0" groupId="MYPORTAL_EMPL-NOEML" permissionId="PROJECTMGR_ROLE_TASK_CREATE"/>
    <SecurityGroupPermission fromDate="2001-05-13 12:00:00.0" groupId="MYPORTAL_EMPL-NOEML" permissionId="PROJECTMGR_ROLE_TIMESHEET_CREATE"/>
    <SecurityGroupPermission fromDate="2001-05-13 12:00:00.0" groupId="MYPORTAL_EMPL-NOEML" permissionId="PROJECTMGR_ROLE_TIMESHEET_UPDATE"/>
    <SecurityGroupPermission fromDate="2001-05-13 12:00:00.0" groupId="MYPORTAL_EMPL-NOEML" permissionId="PARTYMGR_CME-NOTE_CREATE"/>
    <SecurityGroupPermission fromDate="2001-05-13 12:00:00.0" groupId="MYPORTAL_EMPL-NOEML" permissionId="PARTYMGR_CME_CREATE"/>
    <SecurityGroupPermission fromDate="2001-05-13 12:00:00.0" groupId="MYPORTAL_EMPL-NOEML" permissionId="PARTYMGR_CME_UPDATE"/>
    <SecurityGroupPermission fromDate="2001-05-13 12:00:00.0" groupId="MYPORTAL_EMPL-NOEML" permissionId="PARTYMGR_CME_DELETE"/>
    <!-- and can upload content for task/project -->
    <SecurityGroupPermission fromDate="2001-05-13 12:00:00.0" groupId="MYPORTAL_EMPL-NOEML" permissionId="CONTENTMGR_ROLE_CREATE"/>
    <!-- for the calendar operations -->
    <SecurityGroupPermission fromDate="2001-05-13 12:00:00.0" groupId="MYPORTAL_EMPL-NOEML" permissionId="WORKEFFORTMGR_ROLE_VIEW"/>
    <SecurityGroupPermission fromDate="2001-05-13 12:00:00.0" groupId="MYPORTAL_EMPL-NOEML" permissionId="WORKEFFORTMGR_ROLE_CREATE"/>
    <SecurityGroupPermission fromDate="2001-05-13 12:00:00.0" groupId="MYPORTAL_EMPL-NOEML" permissionId="WORKEFFORTMGR_ROLE_UPDATE"/>
    <SecurityGroupPermission fromDate="2001-05-13 12:00:00.0" groupId="MYPORTAL_EMPL-NOEML" permissionId="WORKEFFORTMGR_ROLE_DELETE"/>
    
    <SecurityGroup description="Customer user of MYPORTAL, Limited access to own custRequests, and project" groupId="MYPORTAL_CUSTOMER"/>
    <SecurityGroupPermission fromDate="2001-05-13 12:00:00.0" groupId="MYPORTAL_CUSTOMER" permissionId="MYPORTALBASE_ADMIN"/>
    <SecurityGroupPermission fromDate="2001-05-13 12:00:00.0" groupId="MYPORTAL_CUSTOMER" permissionId="PARTYMGR_CME-NOTE_CREATE"/><!-- allow customer to read/write internal notes -->
    <SecurityGroupPermission fromDate="2001-05-13 12:00:00.0" groupId="MYPORTAL_CUSTOMER" permissionId="MYPORTAL_CUSTOMER"/>
    <SecurityGroupPermission fromDate="2001-05-13 12:00:00.0" groupId="MYPORTAL_CUSTOMER" permissionId="PARTYMGR_CME_UPDATE"/>
    <SecurityGroupPermission fromDate="2001-05-13 12:00:00.0" groupId="MYPORTAL_CUSTOMER" permissionId="PROJECTMGR_ROLE_VIEW"/>
    <SecurityGroupPermission fromDate="2001-05-13 12:00:00.0" groupId="MYPORTAL_CUSTOMER" permissionId="CONTENTMGR_ROLE_CREATE"/>
    <SecurityGroupPermission fromDate="2001-05-13 12:00:00.0" groupId="MYPORTAL_CUSTOMER" permissionId="PARTYMGR_CME_CREATE"/>
    <SecurityGroupPermission fromDate="2001-05-13 12:00:00.0" groupId="MYPORTAL_CUSTOMER" permissionId="PARTYMGR_CME_UPDATE"/>
    <SecurityGroupPermission fromDate="2001-05-13 12:00:00.0" groupId="MYPORTAL_CUSTOMER" permissionId="PARTYMGR_CME_DELETE"/>
    <SecurityGroupPermission fromDate="2001-05-13 12:00:00.0" groupId="MYPORTAL_CUSTOMER" permissionId="WORKEFFORTMGR_ROLE_VIEW"/>
    <SecurityGroupPermission fromDate="2001-05-13 12:00:00.0" groupId="MYPORTAL_CUSTOMER" permissionId="WORKEFFORTMGR_ROLE_CREATE"/>
    <SecurityGroupPermission fromDate="2001-05-13 12:00:00.0" groupId="MYPORTAL_CUSTOMER" permissionId="WORKEFFORTMGR_ROLE_UPDATE"/>
    <SecurityGroupPermission fromDate="2001-05-13 12:00:00.0" groupId="MYPORTAL_CUSTOMER" permissionId="WORKEFFORTMGR_ROLE_DELETE"/>
    <SecurityGroupPermission fromDate="2001-05-13 12:00:00.0" groupId="MYPORTAL_CUSTOMER" permissionId="ORDERMGR_CRQ_CREATE"/>
    <SecurityGroupPermission fromDate="2001-05-13 12:00:00.0" groupId="MYPORTAL_CUSTOMER" permissionId="ORDERMGR_CRQ_UPDATE"/>
</entity-engine-xml>
