<?xml version="1.0" encoding="UTF-8"?>
<!--
Licensed to the Apache Software Foundation (ASF) under one
or more contributor license agreements.  See the NOTICE file
distributed with this work for additional information
regarding copyright ownership.  The ASF licenses this file
to you under the Apache License, Version 2.0 (the
"License"); you may not use this file except in compliance
with the License.  You may obtain a copy of the License at

http://www.apache.org/licenses/LICENSE-2.0

Unless required by applicable law or agreed to in writing,
software distributed under the License is distributed on an
"AS IS" BASIS, WITHOUT WARRANTIES OR CONDITIONS OF ANY
KIND, either express or implied.  See the License for the
specific language governing permissions and limitations
under the License.
-->
<entity-engine-xml>


    <UserLogin userLoginId="DemoCustomer" currentPassword="{SHA}47b56994cbc2b6d10aa1be30f70165adb305a41a"/>
    <UserLogin userLoginId="DemoCustomer1" currentPassword="{SHA}47b56994cbc2b6d10aa1be30f70165adb305a41a"/>
    <UserLogin userLoginId="DemoCustomer2" currentPassword="{SHA}47b56994cbc2b6d10aa1be30f70165adb305a41a"/>
    <UserLogin userLoginId="DemoCustomer3" currentPassword="{SHA}47b56994cbc2b6d10aa1be30f70165adb305a41a"/>

    <UserLogin userLoginId="DemoEmployee" currentPassword="{SHA}47b56994cbc2b6d10aa1be30f70165adb305a41a"/>
    <UserLogin userLoginId="DemoEmployee1" currentPassword="{SHA}47b56994cbc2b6d10aa1be30f70165adb305a41a"/>
    <UserLogin userLoginId="DemoEmployee2" currentPassword="{SHA}47b56994cbc2b6d10aa1be30f70165adb305a41a"/>
    <UserLogin userLoginId="DemoEmployee3" currentPassword="{SHA}47b56994cbc2b6d10aa1be30f70165adb305a41a"/>
    <!-- myportal users -->
    <!-- demo customer read access to his own customer requests and related tasks including planning and actual hours-->
    <UserLoginSecurityGroup groupId="MYPORTAL_CUSTOMER" userLoginId="DemoCustomer" fromDate="2000-01-01 00:00:00.0"/>
    <!-- these customers also have access to the project manager (via rules in the project manager comp) -->
    <UserLoginSecurityGroup groupId="MYPORTAL_CUSTOMER" userLoginId="DemoCustomer1" fromDate="2000-01-01 00:00:00.0"/>
    <UserLoginSecurityGroup groupId="MYPORTAL_CUSTOMER" userLoginId="DemoCustomer2" fromDate="2000-01-01 00:00:00.0"/>
    <UserLoginSecurityGroup groupId="MYPORTAL_CUSTOMER" userLoginId="DemoCustomer3" fromDate="2000-01-01 00:00:00.0"/>
    <!-- demo employee has limited projectmanager access including timesheets, can read/write comms internal notes but cannot send external email-->
    <UserLoginSecurityGroup groupId="MYPORTAL_EMPL-NOEML" userLoginId="DemoEmployee1" fromDate="2000-01-01 00:00:00.0"/>
    <UserLoginSecurityGroup groupId="MYPORTAL_EMPL-NOEML" userLoginId="DemoEmployee2" fromDate="2000-01-01 00:00:00.0"/>
    <UserLoginSecurityGroup groupId="MYPORTAL_EMPL-NOEML" userLoginId="DemoEmployee3" fromDate="2000-01-01 00:00:00.0"/>
    <!-- employee have no access to any project -->
    <UserLoginSecurityGroup groupId="MYPORTAL_EMPLOYEE" userLoginId="DemoEmployee" fromDate="2000-01-01 00:00:00.0"/>
    <!-- admin logins -->
    <UserLoginSecurityGroup groupId="MYPORTAL_EMPLOYEE" userLoginId="admin" fromDate="2000-01-01 00:00:00.0"/>
    <UserLoginSecurityGroup groupId="MYPORTAL_EMPLOYEE" userLoginId="demoadmin" fromDate="2000-01-01 00:00:00.0"/>

</entity-engine-xml>
