<?xml version="1.0" encoding="UTF-8"?>
<!--

    Licensed to the Apache Software Foundation (ASF) under one
    or more contributor license agreements.  See the NOTICE file
    distributed with this work for additional information
    regarding copyright ownership.  The ASF licenses this file
    to you under the Apache License, Version 2.0 (the
    "License"); you may not use this file except in compliance
    with the License.  You may obtain a copy of the License at

    http://www.apache.org/licenses/LICENSE-2.0

    Unless required by applicable law or agreed to in writing,
    software distributed under the License is distributed on an
    "AS IS" BASIS, WITHOUT WARRANTIES OR CONDITIONS OF ANY
    KIND, either express or implied.  See the License for the
    specific language governing permissions and limitations
    under the License.
-->
<resource xmlns:xsi="http://www.w3.org/2001/XMLSchema-instance" xsi:noNamespaceSchemaLocation="https://ofbiz.apache.org/dtds/ofbiz-properties.xsd">
    <property key="IsMgrApplication">
        <value xml:lang="en">Information Systems Management Application</value>
        <value xml:lang="fr">Gestion du parc informatique</value>
        <value xml:lang="it">Applicazione gestione sistemi informativi</value>
        <value xml:lang="ja">情報システム管理</value>
        <value xml:lang="vi">Ứng dụng Quản lý hệ thống thông tin</value>
        <value xml:lang="zh">信息系统管理应用程序</value>
        <value xml:lang="zh-TW">資訊系統管理應用程式</value>
    </property>
    <property key="IsMgrCompanyName">
        <value xml:lang="en">OFBiz: Is Manager</value>
        <value xml:lang="fr">OFBiz: application de gestion du parc informatique</value>
        <value xml:lang="it">OFBiz: Gestione sistemi informativi</value>
        <value xml:lang="ja">OFBiz: 情報システム管理者</value>
        <value xml:lang="vi">OFBiz: Là Quản lý</value>
        <value xml:lang="zh">OFBiz: 信息系统管理</value>
        <value xml:lang="zh-TW">OFBiz: 資訊系統管理</value>
    </property>
    <property key="IsMgrCompanySubtitle">
        <value xml:lang="en">Information Systems Department</value>
        <value xml:lang="fr">Département du système d'information</value>
        <value xml:lang="it">Dipartimento sistemi informativi</value>
        <value xml:lang="ja">情報システム部門</value>
        <value xml:lang="vi">Phòng/Ban</value>
        <value xml:lang="zh">信息系统部门</value>
        <value xml:lang="zh-TW">資訊系統部門</value>
    </property>
    <property key="IsMgrComputerHardware">
        <value xml:lang="en">Hardware</value>
        <value xml:lang="fr">Matériel informatique</value>
        <value xml:lang="it">Hardware</value>
        <value xml:lang="ja">ハードウェア</value>
        <value xml:lang="vi">Phần cứng</value>
        <value xml:lang="zh">硬件</value>
        <value xml:lang="zh-TW">硬體</value>
    </property>
    <property key="IsMgrComputerSoftware">
        <value xml:lang="en">Software</value>
        <value xml:lang="fr">Logiciels</value>
        <value xml:lang="it">Software</value>
        <value xml:lang="ja">ソフトウェア</value>
        <value xml:lang="vi">Phần mềm</value>
        <value xml:lang="zh">软件</value>
        <value xml:lang="zh-TW">軟體</value>
    </property>
    <property key="IsMgrFindComputerHardware">
        <value xml:lang="en">Find Hardware</value>
        <value xml:lang="fr">Rechercher du matériel informatique</value>
        <value xml:lang="it">Ricerca hardware</value>
        <value xml:lang="ja">ハードウェアを検索</value>
        <value xml:lang="vi">Tìm phần cứng</value>
        <value xml:lang="zh">查找硬件</value>
        <value xml:lang="zh-TW">尋找硬體</value>
    </property>
    <property key="IsMgrFindComputerSoftware">
        <value xml:lang="en">Find Software</value>
        <value xml:lang="fr">Rechercher du logiciel</value>
        <value xml:lang="it">Ricerca software</value>
        <value xml:lang="ja">ソフトウェアを検索</value>
        <value xml:lang="vi">Tìm phần mềm</value>
        <value xml:lang="zh">查找软件</value>
        <value xml:lang="zh-TW">尋找軟體</value>
    </property>
    <property key="IsMgrHardwareAccessories">
        <value xml:lang="en">Accessories</value>
        <value xml:lang="fr">Accessoires</value>
        <value xml:lang="it">Accessori</value>
        <value xml:lang="ja">アクセサリ</value>
        <value xml:lang="vi">Ngoại vi</value>
        <value xml:lang="zh">零配件</value>
        <value xml:lang="zh-TW">零配件</value>
    </property>
    <property key="IsMgrInstalledSoftware">
        <value xml:lang="en">Installed Software</value>
        <value xml:lang="fr">Logiciels installés</value>
        <value xml:lang="it">Software installati</value>
        <value xml:lang="ja">導入済ソフトウェア</value>
        <value xml:lang="vi">Phần mềm đã cài</value>
        <value xml:lang="zh">已安装的软件</value>
        <value xml:lang="zh-TW">已安裝的軟體</value>
    </property>
    <property key="IsMgrNewComputerHardware">
        <value xml:lang="en">New Hardware</value>
        <value xml:lang="fr">Nouveau matériel informatique</value>
        <value xml:lang="it">Nuovo hardware</value>
        <value xml:lang="ja">新規ハードウェア</value>
        <value xml:lang="vi">Phần cứng mới</value>
        <value xml:lang="zh">新硬件</value>
        <value xml:lang="zh-TW">新硬體</value>
    </property>
    <property key="IsMgrNewComputerSoftware">
        <value xml:lang="en">New Software</value>
        <value xml:lang="fr">Nouveau logiciel</value>
        <value xml:lang="it">Nuovo software</value>
        <value xml:lang="ja">新規ソフトウェア</value>
        <value xml:lang="vi">Phần mềm mới</value>
        <value xml:lang="zh">新软件</value>
        <value xml:lang="zh-TW">新軟體</value>
    </property>
    <property key="PageTitleEditComputerHardware">
        <value xml:lang="en">Edit Hardware</value>
        <value xml:lang="fr">Modifier le matériel informatique</value>
        <value xml:lang="it">Aggiorna hardware</value>
        <value xml:lang="ja">ハードウェアを編集</value>
        <value xml:lang="vi">Cập nhật Phần cứng</value>
        <value xml:lang="zh">编辑硬件</value>
        <value xml:lang="zh-TW">編輯硬體</value>
    </property>
    <property key="PageTitleEditComputerSoftware">
        <value xml:lang="en">Edit Software</value>
        <value xml:lang="fr">Modifier le logiciel</value>
        <value xml:lang="it">Aggiorna software</value>
        <value xml:lang="ja">ソフトウェアを編集</value>
        <value xml:lang="vi">Cập nhật Phần mềm</value>
        <value xml:lang="zh">编辑软件</value>
        <value xml:lang="zh-TW">編輯軟體</value>
    </property>
    <property key="PageTitleLookupComputerHardware">
        <value xml:lang="en">Lookup Computer Hardware</value>
        <value xml:lang="fr">Rechercher du matériel informatique</value>
        <value xml:lang="it">Ricerca hardware per computer</value>
        <value xml:lang="ja">コンピュータハードウェアを検索</value>
        <value xml:lang="vi">Tìm phần cứng máy tính</value>
        <value xml:lang="zh">查找计算机硬件</value>
        <value xml:lang="zh-TW">尋找電腦硬體</value>
    </property>
    <property key="PageTitleLookupComputerSoftware">
        <value xml:lang="en">Lookup Computer Software</value>
        <value xml:lang="fr">Consultation de logiciel(s)</value>
        <value xml:lang="it">Ricerca software per computer</value>
        <value xml:lang="ja">コンピュータソフトウェアを検索</value>
        <value xml:lang="vi">Tìm phần mềm máy tính</value>
        <value xml:lang="zh">查找计算机软件</value>
        <value xml:lang="zh-TW">尋找電腦軟體</value>
    </property>
</resource>
