<?xml version="1.0" encoding="UTF-8"?>
<!--
Licensed to the Apache Software Foundation (ASF) under one
or more contributor license agreements.  See the NOTICE file
distributed with this work for additional information
regarding copyright ownership.  The ASF licenses this file
to you under the Apache License, Version 2.0 (the
"License"); you may not use this file except in compliance
with the License.  You may obtain a copy of the License at

http://www.apache.org/licenses/LICENSE-2.0

Unless required by applicable law or agreed to in writing,
software distributed under the License is distributed on an
"AS IS" BASIS, WITHOUT WARRANTIES OR CONDITIONS OF ANY
KIND, either express or implied.  See the License for the
specific language governing permissions and limitations
under the License.
-->

<ofbiz-component name="msggateway"
        xmlns:xsi="http://www.w3.org/2001/XMLSchema-instance"
        xsi:noNamespaceSchemaLocation="https://ofbiz.apache.org/dtds/ofbiz-component.xsd">
    <!-- define resource loaders; most common is to use the component resource loader -->
    <resource-loader name="main" type="component"/>

    <!-- place the config directory on the classpath to access configuration files -->
    <classpath type="dir" location="config"/>

    <!-- entity resources: model(s), eca(s), group, and data definitions -->
    <entity-resource type="model" reader-name="main" loader="main" location="entitydef/entitymodel.xml"/>
    <!-- <entity-resource type="eca" reader-name="main" loader="main" location="entitydef/eecas.xml"/> -->
    <entity-resource type="data" reader-name="seed" loader="main" location="data/MsgGatewaySeedData.xml"/>
    <entity-resource type="data" reader-name="demo" loader="main" location="data/MsgGatewaySecurityGroupDemoData.xml"/>
    <entity-resource type="data" reader-name="demo" loader="main" location="data/MsgGatewayDemoData.xml"/>
    <!-- service resources: model(s), eca(s) and group definitions -->
    <service-resource type="model" loader="main" location="servicedef/services.xml"/>

    <!-- web applications; will be mounted when using the embedded container -->
    <webapp name="msggateway"
        title="Msggateway"
        server="default-server"
           location="webapp/msggateway"
        base-permission="OFBTOOLS,MSGGATEWAY"
        mount-point="/msggateway"
        app-bar-display="false"/>
</ofbiz-component>
