<?xml version="1.0" encoding="UTF-8"?>
<!--
Licensed to the Apache Software Foundation (ASF) under one
or more contributor license agreements.  See the NOTICE file
distributed with this work for additional information
regarding copyright ownership.  The ASF licenses this file
to you under the Apache License, Version 2.0 (the
"License"); you may not use this file except in compliance
with the License.  You may obtain a copy of the License at

http://www.apache.org/licenses/LICENSE-2.0

Unless required by applicable law or agreed to in writing,
software distributed under the License is distributed on an
"AS IS" BASIS, WITHOUT WARRANTIES OR CONDITIONS OF ANY
KIND, either express or implied.  See the License for the
specific language governing permissions and limitations
under the License.
-->

<forms xmlns:xsi="http://www.w3.org/2001/XMLSchema-instance" xmlns="http://ofbiz.apache.org/Widget-Form" xsi:schemaLocation="http://ofbiz.apache.org/Widget-Form http://ofbiz.apache.org/dtds/widget-form.xsd">

    <form name="EditExampleExt" extends="EditExample"
        extends-resource="component://example/widget/example/ExampleForms.xml">
        <!-- NOTE: add new fields for the EditExample form here -->
        <field name="exampleText"><display description="${uiLabelMap.ExampleTextDescription}"/></field>
        <!-- In order for these to be at the bottom of the form, we need to hide the buttons from the
            original form, and then create new ones. We could use the sort-order element, but that
            doesn't work well when we want to allow changes in the original form. -->
        <field name="submitButton" use-when="example!=null"><hidden/></field>
        <field name="submitButton" use-when="example==null"><hidden/></field>
        <field name="submitButtonOvrd" title="${uiLabelMap.CommonCreate}" use-when="example==null" widget-style="smallSubmit"><submit button-type="button"/></field>
        <field name="submitButtonOvrd" title="${uiLabelMap.CommonUpdate}" use-when="example!=null" widget-style="smallSubmit"><submit button-type="button"/></field>
    </form>

</forms>
