<?xml version="1.0" encoding="UTF-8"?>
<!--
Licensed to the Apache Software Foundation (ASF) under one
or more contributor license agreements.  See the NOTICE file
distributed with this work for additional information
regarding copyright ownership.  The ASF licenses this file
to you under the Apache License, Version 2.0 (the
"License"); you may not use this file except in compliance
with the License.  You may obtain a copy of the License at

http://www.apache.org/licenses/LICENSE-2.0

Unless required by applicable law or agreed to in writing,
software distributed under the License is distributed on an
"AS IS" BASIS, WITHOUT WARRANTIES OR CONDITIONS OF ANY
KIND, either express or implied.  See the License for the
specific language governing permissions and limitations
under the License.
-->

<services xmlns:xsi="http://www.w3.org/2001/XMLSchema-instance"
        xsi:noNamespaceSchemaLocation="https://ofbiz.apache.org/dtds/services.xsd">
    <description>FirstData Services</description>
    <vendor></vendor>
    <version>1.0</version>

    <service name="updatePaymentGatewayFirstData" default-entity-name="PaymentGatewayFirstData" engine="entity-auto" invoke="update" auth="true">
        <description>Update a PaymentGatwayFirstData</description>
        <auto-attributes include="pk" mode="IN" optional="false"/>
        <auto-attributes include="nonpk" mode="IN" optional="true"/>
    </service>

    <!-- First Data Implementations -->
    <service name="firstDataCCAuth" engine="java"
             location="org.apache.ofbiz.firstdatapaymentgateway.FirstDataPaymentServices" invoke="ccAuth">
        <description>First Data Payment Authorization Service</description>
        <implements service="ccAuthInterface"/>
    </service>
    <service name="firstDataCCCapture" engine="java"
             location="org.apache.ofbiz.firstdatapaymentgateway.FirstDataPaymentServices" invoke="ccCapture">
        <description>First Data Payment Capture Service</description>
        <implements service="ccCaptureInterface"/>
    </service>
    <service name="firstDataCCRelease" engine="java"
             location="org.apache.ofbiz.firstdatapaymentgateway.FirstDataPaymentServices" invoke="ccRelease">
        <description>First Data Payment Release Service</description>
        <implements service="paymentReleaseInterface"/>
    </service>
    <service name="firstDataCCRefund" engine="java"
             location="org.apache.ofbiz.firstdatapaymentgateway.FirstDataPaymentServices" invoke="ccRefund">
        <description>First Data Payment Refund Service</description>
        <implements service="paymentRefundInterface"/>
    </service>
</services>