<?xml version="1.0" encoding="UTF-8"?>
<!--
Licensed to the Apache Software Foundation (ASF) under one
or more contributor license agreements.  See the NOTICE file
distributed with this work for additional information
regarding copyright ownership.  The ASF licenses this file
to you under the Apache License, Version 2.0 (the
"License"); you may not use this file except in compliance
with the License.  You may obtain a copy of the License at

http://www.apache.org/licenses/LICENSE-2.0

Unless required by applicable law or agreed to in writing,
software distributed under the License is distributed on an
"AS IS" BASIS, WITHOUT WARRANTIES OR CONDITIONS OF ANY
KIND, either express or implied.  See the License for the
specific language governing permissions and limitations
under the License.
-->

<screens xmlns:xsi="http://www.w3.org/2001/XMLSchema-instance"
        xmlns="http://ofbiz.apache.org/Widget-Screen" xsi:schemaLocation="http://ofbiz.apache.org/Widget-Screen http://ofbiz.apache.org/dtds/widget-screen.xsd">

    <!-- Column Included Screens -->
    <screen name="choosecatalog">
        <section>
            <actions>
                <property-map resource="ProductUiLabels" map-name="uiLabelMap" global="true"/>
                <property-map resource="CommonUiLabels" map-name="uiLabelMap" global="true"/>
            </actions>
            <widgets>
                <platform-specific><html><html-template location="component://ecommerce/template/catalog/ChooseCatalog.ftl"/></html></platform-specific>
            </widgets>
        </section>
    </screen>

    <screen name="keywordsearchbox">
        <section>
            <actions>
                <script location="component://order/src/main/groovy/org/apache/ofbiz/order/entry/catalog/KeywordSearchOptions.groovy"/>
            </actions>
            <widgets>
                <platform-specific><html><html-template location="component://ecommerce/template/catalog/KeywordSearchBox.ftl"/></html></platform-specific>
            </widgets>
        </section>
    </screen>

    <screen name="compareproductslist">
        <section>
            <widgets>
                <platform-specific><html><html-template location="component://ecommerce/template/catalog/CompareProductsList.ftl"/></html></platform-specific>
            </widgets>
        </section>
    </screen>

    <screen name="sidedeepcategory">
        <section>
            <actions>
                <property-map resource="ProductUiLabels" map-name="uiLabelMap" global="true"/>
                <script location="component://order/src/main/groovy/org/apache/ofbiz/order/entry/catalog/SideDeepCategory.groovy"/>
            </actions>
            <widgets>
                <platform-specific><html><html-template location="component://ecommerce/template/catalog/SideDeepCategory.ftl"/></html></platform-specific>
            </widgets>
        </section>
    </screen>

    <screen name="minireorderprods">
        <section>
            <actions>
                <script location="component://ecommerce/src/main/groovy/org/apache/ofbiz/ecommerce/catalog/MiniReorderProds.groovy"/>
                <property-map resource="ProductUiLabels" map-name="uiLabelMap" global="true"/>
            </actions>
            <widgets>
                <platform-specific><html><html-template location="component://ecommerce/template/catalog/MiniReOrderProds.ftl"/></html></platform-specific>
            </widgets>
        </section>
    </screen>

    <screen name="miniassocprods">
        <section>
            <widgets>
                <platform-specific><html><html-template location="component://ecommerce/template/catalog/MiniAssocProds.ftl"/></html></platform-specific>
            </widgets>
        </section>
    </screen>

    <screen name="minilastviewedcategories">
        <section>
            <actions>
                <property-map resource="CommonUiLabels" map-name="uiLabelMap" global="true"/>
                <script location="component://order/src/main/groovy/org/apache/ofbiz/order/entry/catalog/SideDeepCategory.groovy"/>
            </actions>
            <widgets>
                <platform-specific><html><html-template location="component://ecommerce/template/catalog/MiniLastViewedCategories.ftl"/></html></platform-specific>
            </widgets>
        </section>
    </screen>

    <screen name="minilastviewedproducts">
        <section>
            <actions>
                <property-map resource="CommonUiLabels" map-name="uiLabelMap" global="true"/>
                <script location="component://ecommerce/src/main/groovy/org/apache/ofbiz/ecommerce/catalog/MiniProductSummary.groovy"/>
            </actions>
            <widgets>
                <platform-specific><html><html-template location="component://ecommerce/template/catalog/MiniLastViewedProducts.ftl"/></html></platform-specific>
            </widgets>
        </section>
    </screen>

    <screen name="minilastproductsearches">
        <section>
            <actions>
                <property-map resource="ProductUiLabels" map-name="uiLabelMap" global="true"/>
                <property-map resource="CommonUiLabels" map-name="uiLabelMap" global="true"/>
            </actions>
            <widgets>
                <platform-specific><html><html-template location="component://ecommerce/template/catalog/MiniLastProductSearches.ftl"/></html></platform-specific>
            </widgets>
        </section>
    </screen>

    <screen name="miniproductsummary">
        <section>
            <actions>
                <property-map resource="ProductUiLabels" map-name="uiLabelMap" global="true"/>
                <property-map resource="CommonUiLabels" map-name="uiLabelMap" global="true"/>
                <script location="component://ecommerce/src/main/groovy/org/apache/ofbiz/ecommerce/catalog/MiniProductSummary.groovy"/>
            </actions>
            <widgets>
                <platform-specific><html><html-template location="component://ecommerce/template/catalog/MiniProductSummary.ftl"/></html></platform-specific>
            </widgets>
        </section>
    </screen>

    <screen name="productsummary">
        <section>
            <actions>
                <property-map resource="ProductUiLabels" map-name="uiLabelMap" global="true"/>
                <property-map resource="CommonUiLabels" map-name="uiLabelMap" global="true"/>
                <property-map resource="EcommerceUiLabels" map-name="uiLabelMap" global="true"/>
                <script location="component://order/src/main/groovy/org/apache/ofbiz/order/entry/catalog/ProductSummary.groovy"/>
            </actions>
            <widgets>
                <platform-specific><html><html-template multi-block="true" location="component://ecommerce/template/catalog/ProductSummary.ftl"/></html></platform-specific>
            </widgets>
        </section>
    </screen>

    <screen name="breadcrumbs">
        <section>
            <actions>
                <property-map resource="CommonUiLabels" map-name="uiLabelMap" global="true"/>
                <script location="component://order/src/main/groovy/org/apache/ofbiz/order/entry/catalog/SideDeepCategory.groovy"/>
            </actions>
            <widgets>
                <platform-specific><html><html-template location="component://order/template/entry/catalog/BreadCrumbs.ftl"/></html></platform-specific>
            </widgets>
        </section>
    </screen>

    <!-- =========== Top-Level and Stand-Alone Screens =========== -->

    <!-- Category Screens -->
    <screen name="category">
        <section>
            <actions>
                <set field="MainColumnStyle" value="center"/>

                <set field="titleProperty" value="PageTitleCategoryPage"/>
                <script location="component://order/src/main/groovy/org/apache/ofbiz/order/entry/catalog/Category.groovy"/>
                <!-- Open this commented section for the demo of Layered Navigation, navigate through Gizmo and Widgets categories to see it in action.
                <script location="component://ecommerce/src/main/groovy/org/apache/ofbiz/ecommerce/catalog/LayeredNavigation.groovy"/>
                <set field="detailScreen" value="LayeredCategoryDetail"/>
                 -->
                <set field="tabButtonItem" value="LookupProductCategories"/>
            </actions>
            <widgets>
                <decorator-screen name="main-decorator" location="${parameters.mainDecoratorLocation}">
                    <decorator-section name="left-column">
                        <include-screen name="leftbar" location="component://ecommerce/widget/CommonScreens.xml"/>
                    </decorator-section>
                    <decorator-section name="body">
                        <include-screen name="breadcrumbs"/>
                        <include-screen name="category-include"/>
                    </decorator-section>
                    <decorator-section name="right-column">
                        <include-screen name="rightbar" location="component://ecommerce/widget/CommonScreens.xml"/>
                    </decorator-section>
                </decorator-screen>
            </widgets>
        </section>
    </screen>

    <screen name="category-include">
        <section>
            <widgets>
                <section>
                    <condition>
                        <not><if-empty field="productCategory"/></not>
                    </condition>
                    <widgets>
                        <include-screen name="${detailScreen}"/>
                    </widgets>
                    <fail-widgets>
                        <label style="head2">${uiLabelMap.ProductCategoryNotFoundForCategoryID} ${productCategoryId}!</label>
                    </fail-widgets>
                </section>
            </widgets>
        </section>
    </screen>

    <screen name="categorydetail">
        <section>
            <actions>
                <set field="productsummaryScreen" value="component://ecommerce/widget/CatalogScreens.xml#productsummary"/>
                <set field="productCategoryLinkScreen" value="component://ecommerce/widget/CatalogScreens.xml#ProductCategoryLink"/>

                <script location="component://order/src/main/groovy/org/apache/ofbiz/order/entry/catalog/CategoryDetail.groovy"/>

                <entity-and entity-name="ProductCategoryLink" list="productCategoryLinks" use-cache="true" filter-by-date="true">
                    <field-map field-name="productCategoryId" from-field="productCategoryId"/>
                    <order-by field-name="sequenceNum"/>
                </entity-and>
                <set field="paginateEcommerceStyle" value="Y"/>
            </actions>
            <widgets>
                <platform-specific><html><html-template multi-block="true" location="component://ecommerce/template/catalog/CategoryDetail.ftl"/></html></platform-specific>
            </widgets>
        </section>
    </screen>

    <screen name="categorydetailmatrix">
        <section>
            <actions>
                <set field="numCol" value="3"/>
                <set field="searchInCategory" value="N"/>
                <set field="parameters.VIEW_SIZE" from-field="parameters.VIEW_SIZE" default-value="9"/>
            </actions>
            <widgets>
                <include-screen name="categorydetail"/>
            </widgets>
        </section>
    </screen>

    <screen name="ProductCategoryLink">
        <section>
            <actions>
                <!-- TODO/NOTE DEJ20070223: for some reason this isn't working, doing an assign within the FTL file which does work: <set field="productCategoryLink" from-field="requestAttributes.productCategoryLink"/> -->
            </actions>
            <widgets>
                <platform-specific><html><html-template location="component://ecommerce/template/catalog/ProductCategoryLink.ftl"/></html></platform-specific>
            </widgets>
        </section>
    </screen>

    <screen name="product">
        <section>
            <actions>
                <set field="MainColumnStyle" value="center"/>
                <set field="titleProperty" value="PageTitleProductPage"/>
                <set field="layoutSettings.javaScripts[]" value="/ecommerce/images/productAdditionalView.js" global="true"/>
                <set field="configproductdetailScreen" value="component://ecommerce/widget/CatalogScreens.xml#configproductdetail"/>
                <script location="component://order/src/main/groovy/org/apache/ofbiz/order/entry/catalog/Product.groovy"/>
            </actions>
            <widgets>
                <decorator-screen name="main-decorator" location="${parameters.mainDecoratorLocation}">
                    <decorator-section name="left-column">
                        <include-screen name="leftbar" location="component://ecommerce/widget/CommonScreens.xml"/>
                    </decorator-section>
                    <decorator-section name="body">
                        <section>
                            <condition>
                                <not><if-empty field="product"/></not>
                            </condition>
                            <widgets>
                                <include-screen name="${detailScreen}"/>
                            </widgets>
                            <fail-widgets>
                                <label style="head2">${uiLabelMap.ProductProductNotFound} ${productId}!</label>
                            </fail-widgets>
                        </section>
                    </decorator-section>
                    <decorator-section name="right-column">
                        <include-screen name="rightbar" location="component://ecommerce/widget/CommonScreens.xml"/>
                    </decorator-section>
                </decorator-screen>
            </widgets>
        </section>
    </screen>

    <screen name="productdetail">
        <section>
            <actions>
                <set field="productsummaryScreen" value="component://ecommerce/widget/CatalogScreens.xml#productsummary"/>

                <script location="component://order/src/main/groovy/org/apache/ofbiz/order/entry/catalog/ProductDetail.groovy"/>
            </actions>
            <widgets>
                <include-screen name="breadcrumbs"/>
                <platform-specific><html><html-template multi-block="true" location="component://ecommerce/template/catalog/ProductDetail.ftl"/></html></platform-specific>
            </widgets>
        </section>
    </screen>

    <screen name="inlineProductDetail">
        <section>
            <actions>
                <script location="component://order/src/main/groovy/org/apache/ofbiz/order/entry/catalog/InlineProductDetail.groovy"/>
            </actions>
            <widgets>
                <platform-specific><html><html-template location="component://order/template/entry/catalog/InlineProductDetail.ftl"/></html></platform-specific>
            </widgets>
        </section>
    </screen>

    <screen name="configproductdetail">
        <section>
            <actions>
                <set field="productsummaryScreen" value="component://ecommerce/widget/CatalogScreens.xml#productsummary"/>
                <set field="inlineProductDetailScreen" value="component://ecommerce/widget/CatalogScreens.xml#inlineProductDetail"/>
                <script location="component://order/src/main/groovy/org/apache/ofbiz/order/entry/catalog/ProductDetail.groovy"/>
                <script location="component://order/src/main/groovy/org/apache/ofbiz/order/entry/catalog/PrepareConfigForm.groovy"/>
            </actions>
            <widgets>
                <include-screen name="breadcrumbs"/>
                <platform-specific><html><html-template multi-block="true" location="component://ecommerce/template/catalog/ConfigProductDetail.ftl"/></html></platform-specific>
            </widgets>
        </section>
    </screen>

    <screen name="productreview">
        <section>
            <actions>
                <set field="MainColumnStyle" value="center"/>

                <set field="titleProperty" value="PageTitleProductReview"/>
            </actions>
            <widgets>
                <decorator-screen name="main-decorator" location="${parameters.mainDecoratorLocation}">
                    <decorator-section name="left-column">
                        <include-screen name="leftbar" location="component://ecommerce/widget/CommonScreens.xml"/>
                    </decorator-section>
                    <decorator-section name="body">
                        <platform-specific><html><html-template location="component://ecommerce/template/catalog/ProductReview.ftl"/></html></platform-specific>
                    </decorator-section>
                    <decorator-section name="right-column">
                        <include-screen name="rightbar" location="component://ecommerce/widget/CommonScreens.xml"/>
                    </decorator-section>
                </decorator-screen>
            </widgets>
        </section>
    </screen>

    <screen name="lastviewedproducts">
        <section>
            <actions>
                <set field="MainColumnStyle" value="center"/>

                <set field="titleProperty" value="PageTitleLastViewProducts"/>
            </actions>
            <widgets>
                <decorator-screen name="main-decorator" location="${parameters.mainDecoratorLocation}">
                    <decorator-section name="left-column">
                        <include-screen name="leftbar" location="component://ecommerce/widget/CommonScreens.xml"/>
                    </decorator-section>
                    <decorator-section name="body">
                        <platform-specific><html><html-template location="component://ecommerce/template/catalog/LastViewedProducts.ftl"/></html></platform-specific>
                    </decorator-section>
                    <decorator-section name="right-column">
                        <include-screen name="rightbar" location="component://ecommerce/widget/CommonScreens.xml"/>
                    </decorator-section>
                </decorator-screen>
            </widgets>
        </section>
    </screen>

    <screen name="detailImage">
        <section>
            <widgets>
               <platform-specific><html><html-template multi-block="true" location="component://ecommerce/template/catalog/DetailImage.ftl"/></html></platform-specific>
            </widgets>
        </section>
    </screen>

    <screen name="tellafriend">
        <section>
            <actions>
                <property-map resource="EcommerceUiLabels" map-name="uiLabelMap" global="true"/>
                <property-map resource="CommonUiLabels" map-name="uiLabelMap" global="true"/>
            </actions>
            <widgets>
                <platform-specific>
                    <html><html-template location="component://ecommerce/template/catalog/TellAFriend.ftl"/></html>
                </platform-specific>
            </widgets>
        </section>
    </screen>

    <screen name="quickadd">
        <section>
            <actions>
                <set field="MainColumnStyle" value="center"/>

                <set field="quickaddsummaryScreen" value="component://ecommerce/widget/CatalogScreens.xml#quickaddsummary"/>

                <set field="titleProperty" value="PageTitleQuickAdd"/>
                <script location="component://order/src/main/groovy/org/apache/ofbiz/order/entry/catalog/QuickAdd.groovy"/>
            </actions>
            <widgets>
                <decorator-screen name="main-decorator" location="${parameters.mainDecoratorLocation}">
                    <decorator-section name="left-column">
                        <include-screen name="leftbar" location="component://ecommerce/widget/CommonScreens.xml"/>
                    </decorator-section>
                    <decorator-section name="body">
                        <platform-specific><html><html-template location="component://ecommerce/template/order/QuickAdd.ftl"/></html></platform-specific>
                    </decorator-section>
                    <decorator-section name="right-column">
                        <include-screen name="rightbar" location="component://ecommerce/widget/CommonScreens.xml"/>
                    </decorator-section>
                </decorator-screen>
            </widgets>
        </section>
    </screen>

    <screen name="quickaddsummary">
        <section>
            <actions>
                <script location="component://order/src/main/groovy/org/apache/ofbiz/order/entry/catalog/ProductSummary.groovy"/>
            </actions>
            <widgets>
                <platform-specific><html><html-template location="component://ecommerce/template/order/QuickAddSummary.ftl"/></html></platform-specific>
            </widgets>
        </section>
    </screen>

    <screen name="keywordsearch">
        <section>
            <actions>
                <set field="MainColumnStyle" value="center"/>

                <set field="productsummaryScreen" value="component://ecommerce/widget/CatalogScreens.xml#productsummary"/>

                <set field="titleProperty" value="PageTitleSearchResults"/>
                <set field="parameters.VIEW_SIZE" from-field="parameters.VIEW_SIZE" default-value="10"/>
                <script location="component://order/src/main/groovy/org/apache/ofbiz/order/entry/catalog/KeywordSearch.groovy"/>
            </actions>
            <widgets>
                <decorator-screen name="main-decorator" location="${parameters.mainDecoratorLocation}">
                    <decorator-section name="left-column">
                        <include-screen name="leftbar" location="component://ecommerce/widget/CommonScreens.xml"/>
                    </decorator-section>
                    <decorator-section name="body">
                        <platform-specific><html><html-template location="component://order/template/entry/catalog/KeywordSearch.ftl"/></html></platform-specific>
                    </decorator-section>
                    <decorator-section name="right-column">
                        <include-screen name="rightbar" location="component://ecommerce/widget/CommonScreens.xml"/>
                    </decorator-section>
                </decorator-screen>
            </widgets>
        </section>
    </screen>

    <screen name="tagsearch">
        <section>
            <actions>
                <set field="MainColumnStyle" value="center"/>

                <set field="productsummaryScreen" value="component://ecommerce/widget/CatalogScreens.xml#productsummary"/>

                <set field="titleProperty" value="PageTitleTagResults"/>
                <set field="parameters.VIEW_SIZE" from-field="parameters.VIEW_SIZE" default-value="10"/>
                <script location="component://order/src/main/groovy/org/apache/ofbiz/order/entry/catalog/KeywordSearch.groovy"/>
            </actions>
            <widgets>
                <decorator-screen name="main-decorator" location="${parameters.mainDecoratorLocation}">
                    <decorator-section name="left-column">
                        <include-screen name="leftbar" location="component://ecommerce/widget/CommonScreens.xml"/>
                    </decorator-section>
                    <decorator-section name="body">
                        <platform-specific><html><html-template location="component://order/template/entry/catalog/TagSearch.ftl"/></html></platform-specific>
                    </decorator-section>
                    <decorator-section name="right-column">
                        <include-screen name="rightbar" location="component://ecommerce/widget/CommonScreens.xml"/>
                    </decorator-section>
                </decorator-screen>
            </widgets>
        </section>
    </screen>

    <screen name="advancedsearch">
        <section>
            <actions>
                <set field="MainColumnStyle" value="center"/>

                <set field="titleProperty" value="PageTitleAdvancedSearch"/>
                <set field="headerItem" value="Advanced Search"/>
                <script location="component://order/src/main/groovy/org/apache/ofbiz/order/entry/catalog/AdvancedSearchOptions.groovy"/>
            </actions>
            <widgets>
                <decorator-screen name="main-decorator" location="${parameters.mainDecoratorLocation}">
                    <decorator-section name="left-column">
                        <include-screen name="leftbar" location="component://ecommerce/widget/CommonScreens.xml"/>
                    </decorator-section>
                    <decorator-section name="body">
                        <platform-specific><html><html-template location="component://ecommerce/template/catalog/AdvancedSearch.ftl"/></html></platform-specific>
                    </decorator-section>
                    <decorator-section name="right-column">
                        <include-screen name="rightbar" location="component://ecommerce/widget/CommonScreens.xml"/>
                    </decorator-section>
                </decorator-screen>
            </widgets>
        </section>
    </screen>
    <screen name="LayeredNavBar">
        <section>
            <actions>
                <property-map resource="EcommerceUiLabels" map-name="uiLabelMap" global="true"/>
            </actions>
            <widgets>
                <platform-specific><html><html-template location="component://ecommerce/template/catalog/LayeredNavBar.ftl"/></html></platform-specific>
            </widgets>
        </section>
    </screen>
    <screen name="LayeredCategoryDetail">
        <section>
            <actions>
                <set field="productsummaryScreen" value="component://ecommerce/widget/CatalogScreens.xml#productsummary"/>
            </actions>
            <widgets>
                <platform-specific><html><html-template location="component://ecommerce/template/catalog/LayeredCategoryDetail.ftl"/></html></platform-specific>
            </widgets>
        </section>
    </screen>
    
    <screen name="bestSellingCategory">
        <section>
            <widgets>
                <section>
                    <widgets>
                        <!--<label style="h1" text="Popular Categories"/>-->
                        <include-screen name="showBestSellingCategory"/>
                    </widgets>
                </section>
            </widgets>
        </section>
    </screen>
    <screen name="showBestSellingCategory">
        <section>
            <actions>
                <script location="component://ecommerce/src/main/groovy/org/apache/ofbiz/ecommerce/catalog/BestSellingCategory.groovy"/>
            </actions>
            <widgets>
                <platform-specific><html><html-template location="component://ecommerce/template/catalog/ShowBestSellingCategory.ftl"/></html></platform-specific>
            </widgets>
        </section>
    </screen>
    <screen name="productCategories">
        <section>
            <actions>
                <set field="tabButtonItem" value="LookupProductCategories"/>
                
                <script location="component://ecommerce/src/main/groovy/org/apache/ofbiz/ecommerce/catalog/ProductCategories.groovy"/>
            </actions>
            <widgets>
                <platform-specific><html><html-template multi-block="true" location="component://ecommerce/template/catalog/ProductCategories.ftl"/></html></platform-specific>
            </widgets>
        </section>
    </screen>
    <screen name="productCategoryList">
        <section>
            <condition>
                <if-empty field="parameters.mainSubmitted"/>
            </condition>
            <actions>
                <property-map resource="ProductUiLabels" map-name="uiLabelMap" global="true"/>
                <property-map resource="OrderUiLabels" map-name="uiLabelMap" global="true"/>
                <script location="component://order/src/main/groovy/org/apache/ofbiz/order/entry/catalog/Category.groovy"/>
                <set field="fromSetSessionLocale" value="${groovy: return request.getAttribute('fromSetSessionLocale');}"/>
                <set field="visualThemeId" from-field="productStore.visualThemeId" default-value="EC_DEFAULT"/>
                <set field="visualTheme" value="${groovy: org.apache.ofbiz.widget.model.ThemeFactory.getVisualThemeFromId(visualThemeId)}"/>
                <set field="modelTheme" value="${groovy: visualTheme.getModelTheme()}"/>
                <set field="layoutSettings" value="${groovy: modelTheme.getThemeResources()}"/>
            </actions>
            <widgets>
                <section>
                    <condition>
                        <if-compare operator="equals" value="true" field="fromSetSessionLocale"/>
                    </condition>
                    <widgets>
                        <include-screen name="category"/>
                    </widgets>
                    <fail-widgets>
                        <section>
                            <condition>
                                <if-empty field="category_id"/>
                            </condition>
                            <widgets>
                                <include-screen name="newbreadcrumbs" share-scope="true"/>
                            </widgets>
                            <fail-widgets>
                                <include-screen name="breadcrumbs" share-scope="true"/>
                            </fail-widgets>
                        </section>
                        <include-screen name="category-include" share-scope="true"/>
                    </fail-widgets>
                </section>
            </widgets>
            <fail-widgets>
                <section>
                   <widgets>
                        <include-screen name="category"/>
                   </widgets>
                </section>
            </fail-widgets>
        </section>
    </screen>
    <screen name="newbreadcrumbs">
       <section>
            <actions>
                <property-map resource="CommonUiLabels" map-name="uiLabelMap" global="true"/>
                <script location="component://ecommerce/src/main/groovy/org/apache/ofbiz/ecommerce/catalog/AjaxBreadcrumbs.groovy"/>
            </actions>
            <widgets>
                <platform-specific>
                    <html><html-template location="component://ecommerce/template/catalog/AjaxBreadCrumbs.ftl"/></html>
                </platform-specific>
            </widgets>
        </section>
    </screen>

    <screen name="populartags">
        <section>
            <actions>
                <property-map resource="CommonUiLabels" map-name="uiLabelMap" global="true"/>
                <script location="component://ecommerce/src/main/groovy/org/apache/ofbiz/ecommerce/catalog/PopularTags.groovy"/>
            </actions>
            <widgets>
                <platform-specific><html><html-template location="component://ecommerce/template/catalog/PopularTags.ftl"/></html></platform-specific>
            </widgets>
        </section>
    </screen>

    <screen name="ProductUomDropDownOnly">
        <section>
            <actions>
                <property-map resource="ProductUiLabels" map-name="uiLabelMap" global="true"/>
                <property-map resource="CommonUiLabels" map-name="uiLabelMap" global="true"/>
                <script location="component://order/src/main/groovy/org/apache/ofbiz/order/entry/catalog/ProductUomDropDownOnly.groovy"/>
                <!-- This screen is used to update uom dropdown using ajax request. Setting the last saved view in the last view to avoid
                ajax request's view to be used in subsequent request with response type last view.-->
                <set field="nothing" value="${groovy: session.setAttribute('_LAST_VIEW_NAME_', session.getAttribute('_SAVED_VIEW_NAME_'))}"/>
            </actions>
            <widgets>
                <section>
                    <condition>
                        <not><if-empty field="product"/></not>
                    </condition>
                    <widgets>
                        <platform-specific>
                            <html><html-template location="component://ecommerce/template/catalog/ProductUomDropDownOnly.ftl"/></html>
                        </platform-specific>
                    </widgets>
                </section>
            </widgets>
        </section>
    </screen>
</screens>
