<?xml version="1.0" encoding="UTF-8"?>
<!--
    Licensed to the Apache Software Foundation (ASF) under one
    or more contributor license agreements.  See the NOTICE file
    distributed with this work for additional information
    regarding copyright ownership.  The ASF licenses this file
    to you under the Apache License, Version 2.0 (the
    "License"); you may not use this file except in compliance
    with the License.  You may obtain a copy of the License at

    http://www.apache.org/licenses/LICENSE-2.0

    Unless required by applicable law or agreed to in writing,
    software distributed under the License is distributed on an
    "AS IS" BASIS, WITHOUT WARRANTIES OR CONDITIONS OF ANY
    KIND, either express or implied.  See the License for the
    specific language governing permissions and limitations
    under the License.
-->

<ofbiz-component name="assetmaint" enabled="true"
        xmlns:xsi="http://www.w3.org/2001/XMLSchema-instance"
        xsi:noNamespaceSchemaLocation="https://ofbiz.apache.org/dtds/ofbiz-component.xsd">
    <!-- define resource loaders; most common is to use the component resource loader -->
    <resource-loader name="main" type="component"/>

    <!-- place the config directory on the classpath to access configuration files -->
    <classpath type="dir" location="config"/>

    <!-- entity resources: model(s), eca(s), group, and data definitions -->
    <entity-resource type="model" reader-name="main" loader="main" location="entitydef/entitymodel.xml"/>
    <entity-resource type="data" reader-name="seed" loader="main" location="data/AssetMaintSecurityPermissionSeedData.xml"/>
    <entity-resource type="data" reader-name="demo" loader="main" location="data/AssetMaintSecurityGroupDemoData.xml"/>
    <entity-resource type="data" reader-name="seed" loader="main" location="data/AssetMaintSeedData.xml"/>

    <!-- service resources: model(s), eca(s) and group definitions -->
    <service-resource type="model" loader="main" location="servicedef/services.xml"/>
    <service-resource type="eca" loader="main" location="servicedef/secas.xml"/>

    <test-suite loader="main" location="testdef/assetmainttests.xml"/>

    <webapp name="assetmaint"
        title="AssetMaint"
        position="19"
        server="default-server"
        location="webapp/assetmaint"
        base-permission="OFBTOOLS,ASSETMAINT"
        mount-point="/assetmaint"
        app-bar-display="true"/>

    <webapp name="ismgr"
        title="IS Mgr"
        position="20"
        server="default-server"
        location="webapp/ismgr"
        base-permission="OFBTOOLS,ASSETMAINT"
        mount-point="/ismgr"
        app-bar-display="true"/>

</ofbiz-component>
