<?xml version="1.0" encoding="UTF-8"?>
<!--
Licensed to the Apache Software Foundation (ASF) under one
or more contributor license agreements.  See the NOTICE file
distributed with this work for additional information
regarding copyright ownership.  The ASF licenses this file
to you under the Apache License, Version 2.0 (the
"License"); you may not use this file except in compliance
with the License.  You may obtain a copy of the License at

http://www.apache.org/licenses/LICENSE-2.0

Unless required by applicable law or agreed to in writing,
software distributed under the License is distributed on an
"AS IS" BASIS, WITHOUT WARRANTIES OR CONDITIONS OF ANY
KIND, either express or implied.  See the License for the
specific language governing permissions and limitations
under the License.
-->

<screens xmlns:xsi="http://www.w3.org/2001/XMLSchema-instance"
        xmlns="http://ofbiz.apache.org/Widget-Screen" xsi:schemaLocation="http://ofbiz.apache.org/Widget-Screen http://ofbiz.apache.org/dtds/widget-screen.xsd">

    <screen name="main-decorator">
        <section>
            <actions>
                <property-map resource="IsMgrUiLabels" map-name="uiLabelMap" global="true"/>
                <property-map resource="AssetMaintUiLabels" map-name="uiLabelMap" global="true"/>
                <property-map resource="AccountingUiLabels" map-name="uiLabelMap" global="true"/>
                <property-map resource="PartyUiLabels" map-name="uiLabelMap" global="true"/>
                <property-map resource="ProductUiLabels" map-name="uiLabelMap" global="true"/>
                <property-map resource="WorkEffortUiLabels" map-name="uiLabelMap" global="true"/>
                <property-map resource="CommonUiLabels" map-name="uiLabelMap" global="true"/>
                <set field="activeApp" value="ismgr" global="true"/>
                <set field="applicationMenuName" value="IsMgrAppBar" global="true"/>
                <set field="applicationMenuLocation" value="${parameters.mainMenuLocation}" global="true"/>
                <set field="helpAnchor" from-field="helpAnchor" default-value="_apache_ofbiz_plugins"/>
                <set field="layoutSettings.companyName" from-field="uiLabelMap.IsMgrCompanyName" global="true"/>
                <set field="layoutSettings.companySubtitle" from-field="uiLabelMap.IsMgrCompanySubtitle" global="true"/>
                <!-- layoutSettings.headerImageUrl can be used to specify an application specific logo; if not set,
                     then the global layoutSettings.commonHeaderImageUrl (specified in GlobalDecorator) will be used. -->
                <!--<set field="layoutSettings.headerImageUrl" value="/images/ofbiz_logo.png" global="true"/>-->
            </actions>
            <widgets>
                <include-screen name="ApplicationDecorator" location="component://commonext/widget/CommonScreens.xml"/>
            </widgets>
        </section>
    </screen>

    <!-- Fixed Assets screens customized for Computer Hardware -->
    <screen name="CommonFixedAssetDecorator">
        <section>
            <actions>
                <set field="headerItem" value="ComputerHardware"/>
            </actions>
            <widgets>
                <decorator-screen name="main-decorator" location="${parameters.mainDecoratorLocation}">
                    <decorator-section name="pre-body">
                        <section>
                            <condition>
                                <not><if-empty field="fixedAssetId"/></not>
                            </condition>
                            <widgets>
                                <include-menu name="ComputerHardwareTabBar" location="${parameters.mainMenuLocation}"/>
                            </widgets>
                        </section>
                        <decorator-section-include name="pre-body"/>
                    </decorator-section>
                    <decorator-section name="body">
                        <section>
                            <widgets>
                                <include-menu name="FixedAssetSubTabBar" location="${parameters.mainMenuLocation}"/>
                            </widgets>
                        </section>
                        <section>
                            <condition>
                                <if-service-permission service-name="fixedAssetPermissionCheck" main-action="VIEW"/>
                            </condition>
                            <widgets>
                                <section>
                                    <condition>
                                        <not><if-empty field="fixedAssetId"/></not>
                                    </condition>
                                    <widgets>
                                        <container style="h1"><label text="${uiLabelMap.${titleProperty}} ${uiLabelMap.CommonFor} ${fixedAsset.fixedAssetName} [${fixedAssetId}]  ${${extraFunctionName}}"/></container>
                                    </widgets>
                                    <fail-widgets>
                                        <container style="h1"><label text="${uiLabelMap.${titleProperty}}"/></container>
                                    </fail-widgets>
                                </section>
                                <decorator-section-include name="body"/>
                            </widgets>
                            <fail-widgets>
                                <label style="h3" text="${uiLabelMap.AccountingViewPermissionError}"/>
                            </fail-widgets>
                        </section>
                    </decorator-section>
                </decorator-screen>
            </widgets>
        </section>
    </screen>

    <!-- Fixed Assets screens customized for Computer Software -->
    <screen name="CommonComputerSoftwareDecorator">
        <section>
            <actions>
                <set field="headerItem" value="ComputerSoftware"/>
            </actions>
            <widgets>
                <decorator-screen name="main-decorator" location="${parameters.mainDecoratorLocation}">
                <!--
                    <decorator-section name="pre-body">
                        <section>
                            <condition>
                                <not><if-empty field="fixedAssetId"/></not>
                            </condition>
                            <widgets>
                                <include-menu name="ComputerHardwareTabBar" location="${parameters.mainMenuLocation}"/>
                            </widgets>
                        </section>
                        <decorator-section-include name="pre-body"/>
                    </decorator-section>
                     -->
                    <decorator-section name="body">
                        <section>
                            <widgets>
                                <include-menu name="FixedAssetSubTabBar" location="${parameters.mainMenuLocation}"/>
                            </widgets>
                        </section>
                        <section>
                            <condition>
                                <if-service-permission service-name="fixedAssetPermissionCheck" main-action="VIEW"/>
                            </condition>
                            <widgets>
                                <section>
                                    <condition>
                                        <not><if-empty field="fixedAssetId"/></not>
                                    </condition>
                                    <widgets>
                                        <container style="h1"><label text="${uiLabelMap.${titleProperty}} ${uiLabelMap.CommonFor} ${fixedAsset.fixedAssetName} [${fixedAssetId}]  ${${extraFunctionName}}"/></container>
                                    </widgets>
                                    <fail-widgets>
                                        <container style="h1"><label text="${uiLabelMap.${titleProperty}}"/></container>
                                    </fail-widgets>
                                </section>
                                <decorator-section-include name="body"/>
                            </widgets>
                            <fail-widgets>
                                <label style="h3" text="${uiLabelMap.AccountingViewPermissionError}"/>
                            </fail-widgets>
                        </section>
                    </decorator-section>
                </decorator-screen>
            </widgets>
        </section>
    </screen>
</screens>
