<?xml version="1.0" encoding="UTF-8"?>
<!--
Licensed to the Apache Software Foundation (ASF) under one
or more contributor license agreements.  See the NOTICE file
distributed with this work for additional information
regarding copyright ownership.  The ASF licenses this file
to you under the Apache License, Version 2.0 (the
"License"); you may not use this file except in compliance
with the License.  You may obtain a copy of the License at

http://www.apache.org/licenses/LICENSE-2.0

Unless required by applicable law or agreed to in writing,
software distributed under the License is distributed on an
"AS IS" BASIS, WITHOUT WARRANTIES OR CONDITIONS OF ANY
KIND, either express or implied.  See the License for the
specific language governing permissions and limitations
under the License.
-->
<entity-engine-xml>
    <!-- for forum data see the forumdata.xml file in the content component -->

    <!-- NOTE DEJ20060610 This is just a skeleton for the most part and does not have complete content -->
    <Content contentId="WebStoreCONTENT" contentTypeId="WEB_SITE_PUB_PT" contentName="WebStore Content Root" description="Ecommerce Content Categories"/>
    <WebSiteContent webSiteId="WebStore" contentId="WebStoreCONTENT" webSiteContentTypeId="PUBLISH_POINT" fromDate="2001-01-01 00:00:00"/>

    <Content contentId="CNTGIZMOS" contentTypeId="WEB_SITE_PUB_PT" ownerContentId="WebStoreCONTENT" contentName="Gizmos" description="Gizmos" createdDate="2001-05-13 12:00:00.000" createdByUserLogin="admin"/>
    <ContentAssoc contentId="WebStoreCONTENT" contentIdTo="CNTGIZMOS" contentAssocTypeId="SUB_CONTENT" fromDate="2001-05-13 12:00:00.000" createdDate="2001-05-13 12:00:00.000" createdByUserLogin="admin"/>
    <ContentAttribute contentId="CNTGIZMOS" attrName="publishOperation" attrValue="HAS_USER_ROLE"/>

    <Content contentId="CNTGIZMOSLRG" contentTypeId="WEB_SITE_PUB_PT" ownerContentId="CNTGIZMOS" contentName="Large Gizmos" description="Large Widgets" createdDate="2001-05-13 12:00:00.000" createdByUserLogin="admin"/>
    <ContentAssoc contentId="CNTGIZMOS" contentIdTo="CNTGIZMOSLRG" contentAssocTypeId="SUB_CONTENT" fromDate="2001-05-13 12:00:00.000" createdDate="2001-05-13 12:00:00.000" createdByUserLogin="admin"/>

    <Content contentId="CNTGIZMOSSML" contentTypeId="WEB_SITE_PUB_PT" ownerContentId="CNTGIZMOS" contentName="Small Gizmos" description="Large Widgets" createdDate="2001-05-13 12:00:00.000" createdByUserLogin="admin"/>
    <ContentAssoc contentId="CNTGIZMOS" contentIdTo="CNTGIZMOSSML" contentAssocTypeId="SUB_CONTENT" fromDate="2001-05-13 12:00:00.000" createdDate="2001-05-13 12:00:00.000" createdByUserLogin="admin"/>

    <Content contentId="GIZMOSLRG" contentTypeId="WEB_SITE_PUB_PT" ownerContentId="CNTGIZMOS" contentName="Advocacy" description="Advocacy" createdDate="2001-05-13 12:00:00.000" createdByUserLogin="admin"/>
    <ContentAssoc contentId="CNTGIZMOS" contentIdTo="GIZMOSLRG" contentAssocTypeId="SUB_CONTENT" fromDate="2001-05-13 12:00:00.000" createdDate="2001-05-13 12:00:00.000" createdByUserLogin="admin"/>

    <Content contentId="GIZMOSSML" contentTypeId="WEB_SITE_PUB_PT" ownerContentId="WebStoreCONTENT" contentName="Case Studies" description="Case Studies" createdDate="2001-05-13 12:00:00.000" createdByUserLogin="admin"/>
    <ContentAssoc contentId="CNTGIZMOS" contentIdTo="GIZMOSSML" contentAssocTypeId="SUB_CONTENT" fromDate="2001-05-13 12:00:00.000" createdDate="2001-05-13 12:00:00.000" createdByUserLogin="admin"/>

    <Content contentId="CNTWIDGETS" contentTypeId="WEB_SITE_PUB_PT" ownerContentId="WebStoreCONTENT" contentName="Widgets" description="Widgets" createdDate="2001-05-13 12:00:00.000" createdByUserLogin="admin"/>
    <ContentAttribute contentId="CNTWIDGETS" attrName="publishOperation" attrValue="HAS_USER_ROLE"/>
    <ContentAssoc contentId="WebStoreCONTENT" contentIdTo="CNTWIDGETS" contentAssocTypeId="SUB_CONTENT" fromDate="2001-05-13 12:00:00.000" createdDate="2001-05-13 12:00:00.000" createdByUserLogin="admin"/>

    <Content contentId="WIDGETSSML" contentTypeId="WEB_SITE_PUB_PT" ownerContentId="WebStoreCONTENT" contentName="Sightings" description="Sightings of Widgets" createdDate="2001-05-13 12:00:00.000" createdByUserLogin="admin"/>
    <ContentAssoc contentId="CNTWIDGETS" contentIdTo="WIDGETSSML" contentAssocTypeId="SUB_CONTENT" fromDate="2001-05-13 12:00:00.000" createdDate="2001-05-13 12:00:00.000" createdByUserLogin="admin"/>
    <Content contentId="WIDGETSLRG" contentTypeId="WEB_SITE_PUB_PT" ownerContentId="WebStoreCONTENT" contentName="Care &amp; Groom" description="Care and Grooming" createdDate="2001-05-13 12:00:00.000" createdByUserLogin="admin"/>
    <ContentAssoc contentId="CNTWIDGETS" contentIdTo="WIDGETSLRG" contentAssocTypeId="SUB_CONTENT" fromDate="2001-05-13 12:00:00.000" createdDate="2001-05-13 12:00:00.000" createdByUserLogin="admin"/>

    <Content contentId="CNTWIDGETSLRG" contentTypeId="WEB_SITE_PUB_PT" ownerContentId="CNTWIDGETS" contentName="Large Widgets" description="Large Widgets" createdDate="2001-05-13 12:00:00.000" createdByUserLogin="admin"/>
    <ContentAssoc contentId="CNTWIDGETS" contentIdTo="CNTWIDGETSLRG" contentAssocTypeId="SUB_CONTENT" fromDate="2001-05-13 12:00:00.000" createdDate="2001-05-13 12:00:00.000" createdByUserLogin="admin"/>

    <Content contentId="CNTWIDGETSSML" contentTypeId="WEB_SITE_PUB_PT" ownerContentId="CNTWIDGETS" contentName="Small Widgets" description="Large Widgets" createdDate="2001-05-13 12:00:00.000" createdByUserLogin="admin"/>
    <ContentAssoc contentId="CNTWIDGETS" contentIdTo="CNTWIDGETSSML" contentAssocTypeId="SUB_CONTENT" fromDate="2001-05-13 12:00:00.000" createdDate="2001-05-13 12:00:00.000" createdByUserLogin="admin"/>


    <Content contentId="POLICY" contentTypeId="WEB_SITE_PUB_PT" ownerContentId="WebStoreCONTENT" contentName="Policies" description="Policies" createdDate="2001-05-13 12:00:00.000" createdByUserLogin="admin"/>
    <ContentAssoc contentId="WebStoreCONTENT" contentIdTo="POLICY" contentAssocTypeId="SUB_CONTENT" fromDate="2001-05-13 12:00:00.000" createdDate="2001-05-13 12:00:00.000" createdByUserLogin="admin"/>
    <ContentAttribute contentId="POLICY" attrName="publishOperation" attrValue="HAS_USER_ROLE"/>

    <Content contentId="WebStoreFACTOID" contentTypeId="WEB_SITE_PUB_PT" contentName="Factoids" description="Factoids" createdDate="2004-07-05 12:00:00.000" createdByUserLogin="admin"/>

    <!-- An example of sub-content to be rendered by the root contentId (WebStoreCONTENT) and map-key (policies) -->
    <DataResource dataResourceId="STORE_POLICIES" dataResourceTypeId="ELECTRONIC_TEXT" mimeTypeId="text/html" localeString="en_US" isPublic="Y" dataResourceName="Store Policies"/>
    <ElectronicText dataResourceId="STORE_POLICIES">
        <textData><![CDATA[
            <div class="head2">Store Policies</div>
            <div>This is just a demo store, so you might not really like our policies. Here there are any way:</div>
            <div>
                <ol>
                    <li>If you send us money we'll keep it. So DON'T SEND US MONEY!</li>
                    <li>We will never fulfill anything you order here. In fact, we haven't even bothered to create any of these products. They are all just made up.</li>
                    <li>It might surprise you, but this <bold>is</bold> a for-profit store. We make money by selling you're contact information. You'd be surprised by how many suckers put in real personal data! We make tons on it! (NOT!) Don't worry, this is just a joke. If you've entered anything it's safe with us...</li>
                </ol>
            </div>
        ]]></textData>
    </ElectronicText>
    <Content contentId="STORE_POLICIES" contentTypeId="DOCUMENT" ownerContentId="WebStoreCONTENT" dataResourceId="STORE_POLICIES"
        contentName="Store Policies 1" description="Store Policies 1 Description" mimeTypeId="text/html" localeString="en_US" createdDate="2001-05-13 12:00:00.000" createdByUserLogin="admin"/>
    <ContentAssoc contentId="WebStoreCONTENT" contentIdTo="STORE_POLICIES" mapKey="policies" contentAssocTypeId="SUB_CONTENT"
        fromDate="2001-05-13 12:00:00.000" createdDate="2001-05-13 12:00:00.000" createdByUserLogin="admin"/>
    <DataResource dataResourceId="STORE_POLICIES2" dataResourceTypeId="ELECTRONIC_TEXT" mimeTypeId="text/html" localeString="en_US" isPublic="Y" dataResourceName="Store Policies"/>
    <ElectronicText dataResourceId="STORE_POLICIES2">
        <textData><![CDATA[
            <div>These next policies are meaningless, and are really just used to demonstrate having 2 content sections on the page:</div>
            <div>
                <ol>
                    <li>Item 1</li>
                    <li>Item 2</li>
                    <li>Item 3</li>
                </ol>
            </div>
        ]]></textData>
    </ElectronicText>
    <Content contentId="STORE_POLICIES2" contentTypeId="DOCUMENT" ownerContentId="WebStoreCONTENT" dataResourceId="STORE_POLICIES2"
        contentName="Store Policies 2" description="Store Policies 2 Description" mimeTypeId="text/html" localeString="en_US" createdDate="2001-05-13 12:00:00.000" createdByUserLogin="admin"/>
    <ContentAssoc contentId="WebStoreCONTENT" contentIdTo="STORE_POLICIES2" mapKey="policies2" contentAssocTypeId="SUB_CONTENT"
        fromDate="2001-05-13 12:00:00.000" createdDate="2001-05-13 12:00:00.000" createdByUserLogin="admin"/>

    <DataResource dataResourceId="COOKIE_POLICY" dataResourceTypeId="ELECTRONIC_TEXT" mimeTypeId="text/html" localeString="en_US" isPublic="Y" dataResourceName="Store Policies"/>
    <ElectronicText dataResourceId="COOKIE_POLICY">
        <textData><![CDATA[
            <p> Lorem ipsum dolor sit amet, consectetur adipiscing elit, sed do eiusmod tempor incididunt ut labore et dolore magna aliqua.
                Ut enim ad minim veniam, quis nostrud exercitation ullamco laboris nisi ut aliquip ex ea commodo consequat.
                Duis aute irure dolor in reprehenderit in voluptate velit esse cillum dolore eu fugiat nulla pariatur. Excepteur sint occaecat cupidatat non proident, sunt in culpa qui officia deserunt mollit anim id est laborum.
            </p>
            <p>
                Sed ut perspiciatis unde omnis iste natus error sit voluptatem accusantium doloremque laudantium, totam rem aperiam, eaque ipsa quae ab illo inventore veritatis et quasi architecto beatae vitae dicta sunt explicabo.
                Nemo enim ipsam voluptatem quia voluptas sit aspernatur aut odit aut fugit, sed quia consequuntur magni dolores eos qui ratione voluptatem sequi nesciunt.
                Neque porro quisquam est, qui dolorem ipsum quia dolor sit amet, consectetur, adipisci velit, sed quia non numquam eius modi tempora incidunt ut labore et dolore magnam aliquam quaerat voluptatem.
                Ut enim ad minima veniam, quis nostrum exercitationem ullam corporis suscipit laboriosam, nisi ut aliquid ex ea commodi consequatur? Quis autem vel eum iure reprehenderit qui in ea voluptate velit esse quam nihil molestiae consequatur, vel illum qui dolorem eum fugiat quo voluptas nulla pariatur?
            </p>
        ]]></textData>
    </ElectronicText>
    <Content contentId="COOKIE_POLICY" contentTypeId="DOCUMENT" ownerContentId="WebStoreCONTENT" dataResourceId="COOKIE_POLICY"
            contentName="Cookie Policy" description="Cookie Policy Description" mimeTypeId="text/html" localeString="en_US" createdDate="2001-05-13 12:00:00.000" createdByUserLogin="admin"/>
    <ContentAssoc contentId="WebStoreCONTENT" contentIdTo="COOKIE_POLICY" mapKey="cookiePolicy" contentAssocTypeId="SUB_CONTENT"
                fromDate="2001-05-13 12:00:00.000" createdDate="2001-05-13 12:00:00.000" createdByUserLogin="admin"/>
</entity-engine-xml>
