<?xml version="1.0" encoding="UTF-8"?>
<!--
Licensed to the Apache Software Foundation (ASF) under one
or more contributor license agreements.  See the NOTICE file
distributed with this work for additional information
regarding copyright ownership.  The ASF licenses this file
to you under the Apache License, Version 2.0 (the
"License"); you may not use this file except in compliance
with the License.  You may obtain a copy of the License at

http://www.apache.org/licenses/LICENSE-2.0

Unless required by applicable law or agreed to in writing,
software distributed under the License is distributed on an
"AS IS" BASIS, WITHOUT WARRANTIES OR CONDITIONS OF ANY
KIND, either express or implied.  See the License for the
specific language governing permissions and limitations
under the License.
-->

<entity-engine-xml>

    <!-- Popular Category -->
    <ProductCategory productCategoryId="CATALOG1_BEST_SELL" productCategoryTypeId="BEST_SELL_CATEGORY" categoryName="Demo Best Selling"/>
    <ProductCategory productCategoryId="BEST-SELL-1" productCategoryTypeId="BEST_SELL_CATEGORY" categoryName="Gizmos"/>
    <ProductCategory productCategoryId="BEST-SELL-2" productCategoryTypeId="BEST_SELL_CATEGORY" categoryName="Widgets"/>
    <ProdCatalogCategory prodCatalogId="DemoCatalog" productCategoryId="CATALOG1_BEST_SELL" fromDate="2010-01-01 12:00:00.0" sequenceNum="1" prodCatalogCategoryTypeId="PCCT_BEST_SELL"/>
    <ProductCategoryRollup productCategoryId="BEST-SELL-1" parentProductCategoryId="CATALOG1_BEST_SELL" sequenceNum="01" fromDate="2010-01-01 12:00:00.0"/>
    <ProductCategoryRollup productCategoryId="BEST-SELL-2" parentProductCategoryId="CATALOG1_BEST_SELL" sequenceNum="02" fromDate="2010-01-01 12:00:00.0"/>
    <ProductCategoryRollup productCategoryId="101" parentProductCategoryId="BEST-SELL-1" fromDate="2010-01-01 12:00:00.0"/>
    <ProductCategoryRollup productCategoryId="102" parentProductCategoryId="BEST-SELL-1" fromDate="2010-01-01 12:00:00.0"/>
    <ProductCategoryRollup productCategoryId="202" parentProductCategoryId="BEST-SELL-2" fromDate="2010-01-01 12:00:00.0"/>
    <ProductCategoryMember productCategoryId="BEST-SELL-1" productId="GZ-1000" quantity="10" fromDate="2010-01-01 12:00:00.0"/>
    <ProductCategoryMember productCategoryId="BEST-SELL-1" productId="GZ-1001" quantity="8" fromDate="2010-01-01 12:00:00.0"/>
    <ProductCategoryMember productCategoryId="BEST-SELL-1" productId="GZ-1004" quantity="6" fromDate="2010-01-01 12:00:00.0"/>
    <ProductCategoryMember productCategoryId="BEST-SELL-1" productId="GZ-1005" quantity="4" fromDate="2010-01-01 12:00:00.0"/>
    <ProductCategoryMember productCategoryId="BEST-SELL-1" productId="GZ-1006" quantity="2" fromDate="2010-01-01 12:00:00.0"/>
    <ProductCategoryMember productCategoryId="BEST-SELL-2" productId="WG-9943" quantity="3" fromDate="2010-01-01 12:00:00.0"/>
    <ProductCategoryMember productCategoryId="BEST-SELL-2" productId="WG-9944" quantity="5" fromDate="2010-01-01 12:00:00.0"/>
    <ProductCategoryMember productCategoryId="BEST-SELL-2" productId="WG-1111" quantity="7" fromDate="2010-01-01 12:00:00.0"/>
    <ProductCategoryMember productCategoryId="BEST-SELL-2" productId="WG-5569" quantity="1" fromDate="2010-01-01 12:00:00.0"/>
    <DataResource dataResourceTypeId="ELECTRONIC_TEXT" dataResourceId="BEST-SELL-1-ALT" localeString="en"/>
    <DataResource dataResourceTypeId="ELECTRONIC_TEXT" dataResourceId="DRBEST-SELL-1-ALTEN" localeString="en_US"/>
    <DataResource dataResourceTypeId="ELECTRONIC_TEXT" dataResourceId="BEST-SELL-2-ALT" localeString="en"/>
    <DataResource dataResourceTypeId="ELECTRONIC_TEXT" dataResourceId="DRBEST-SELL-2-ALTEN" localeString="en_US"/>
    <ElectronicText dataResourceId="BEST-SELL-1-ALT" textData="best-sell-1"/>
    <ElectronicText dataResourceId="BEST-SELL-2-ALT" textData="best-sell-2"/>
    <ElectronicText dataResourceId="DRBEST-SELL-1-ALTEN" textData="best-sell-1"/>
    <ElectronicText dataResourceId="DRBEST-SELL-2-ALTEN" textData="best-sell-2"/>
    <Content contentTypeId="DOCUMENT" localeString="en" contentId="BEST-SELL-1-ALT" dataResourceId="BEST-SELL-1-ALT"/>
    <Content contentTypeId="DOCUMENT" localeString="en_US" contentId="CBEST-SELL-1-ALTEN" dataResourceId="DRBEST-SELL-2-ALTEN"/>
    <Content contentTypeId="DOCUMENT" localeString="en" contentId="BEST-SELL-2-ALT" dataResourceId="BEST-SELL-2-ALT"/>
    <Content contentTypeId="DOCUMENT" localeString="en_US" contentId="CBEST-SELL-2-ALTEN" dataResourceId="DRBEST-SELL-2-ALTEN"/>
    <ContentAssoc contentId="BEST-SELL-1-ALT" contentIdTo="CBEST-SELL-1-ALTEN" contentAssocTypeId="ALTERNATE_LOCALE" fromDate="2011-04-26 12:00:00.0"/>
    <ContentAssoc contentId="BEST-SELL-2-ALT" contentIdTo="CBEST-SELL-2-ALTEN" contentAssocTypeId="ALTERNATE_LOCALE" fromDate="2011-04-26 12:00:00.0"/>
    <ProductCategoryContent prodCatContentTypeId="ALTERNATIVE_URL" productCategoryId="BEST-SELL-1" contentId="BEST-SELL-1-ALT" fromDate="2001-05-13 12:00:00.0"/>
    <ProductCategoryContent prodCatContentTypeId="ALTERNATIVE_URL" productCategoryId="BEST-SELL-2" contentId="BEST-SELL-2-ALT" fromDate="2001-05-13 12:00:00.0"/>
</entity-engine-xml>
