<?xml version="1.0" encoding="UTF-8"?>
<!--
Licensed to the Apache Software Foundation (ASF) under one
or more contributor license agreements.  See the NOTICE file
distributed with this work for additional information
regarding copyright ownership.  The ASF licenses this file
to you under the Apache License, Version 2.0 (the
"License"); you may not use this file except in compliance
with the License.  You may obtain a copy of the License at

http://www.apache.org/licenses/LICENSE-2.0

Unless required by applicable law or agreed to in writing,
software distributed under the License is distributed on an
"AS IS" BASIS, WITHOUT WARRANTIES OR CONDITIONS OF ANY
KIND, either express or implied.  See the License for the
specific language governing permissions and limitations
under the License.
-->
<entity-engine-xml>
    
    <!-- Demo Content Alternative Url -->
    <!-- The content alternative url come from the contentName in the Content entity.-->
    <DataResource dataResourceId="DRS_CNT_URL005" dataResourceTypeId="ELECTRONIC_TEXT" statusId="CTNT_IN_PROGRESS" objectInfo="/Cute-Kid-BLG10000-content" localeString="en_US"/>
    <ElectronicText dataResourceId="DRS_CNT_URL005" textData="Cute Kid"/>
    <Content contentId="CNT_ALTURL_005" contentTypeId="DOCUMENT" dataResourceId="DRS_CNT_URL005" statusId="CTNT_IN_PROGRESS" localeString="en_US"/>
    <ContentAssoc contentId="BLG10000" contentIdTo="CNT_ALTURL_005" contentAssocTypeId="ALTERNATIVE_URL" fromDate="2011-06-23 01:01:01"></ContentAssoc>
    
    <DataResource dataResourceId="DRS_CNT_URL006" dataResourceTypeId="ELECTRONIC_TEXT" statusId="CTNT_IN_PROGRESS" objectInfo="/Next-Linus-BLG10010-content" localeString="en_US"/>
    <ElectronicText dataResourceId="DRS_CNT_URL006" textData="Next Linus"/>
    <Content contentId="CNT_ALTURL_006" contentTypeId="DOCUMENT" dataResourceId="DRS_CNT_URL006" statusId="CTNT_IN_PROGRESS" localeString="en_US"/>
    <ContentAssoc contentId="BLG10010" contentIdTo="CNT_ALTURL_006" contentAssocTypeId="ALTERNATIVE_URL" fromDate="2011-06-23 01:01:01"></ContentAssoc>
    
    <DataResource dataResourceId="DRS_CNT_URL007" dataResourceTypeId="ELECTRONIC_TEXT" statusId="CTNT_IN_PROGRESS" objectInfo="/2008-Elections-BLG10007-content" localeString="en_US"/>
    <ElectronicText dataResourceId="DRS_CNT_URL007" textData="2008 Elections"/>
    <Content contentId="CNT_ALTURL_007" contentTypeId="DOCUMENT" dataResourceId="DRS_CNT_URL007" statusId="CTNT_IN_PROGRESS" localeString="en_US"/>
    <ContentAssoc contentId="BLG10007" contentIdTo="CNT_ALTURL_007" contentAssocTypeId="ALTERNATIVE_URL" fromDate="2011-06-23 01:01:01"></ContentAssoc>

</entity-engine-xml>
