<?xml version="1.0" encoding="UTF-8"?>
<!--
Licensed to the Apache Software Foundation (ASF) under one
or more contributor license agreements.  See the NOTICE file
distributed with this work for additional information
regarding copyright ownership.  The ASF licenses this file
to you under the Apache License, Version 2.0 (the
"License"); you may not use this file except in compliance
with the License.  You may obtain a copy of the License at

http://www.apache.org/licenses/LICENSE-2.0

Unless required by applicable law or agreed to in writing,
software distributed under the License is distributed on an
"AS IS" BASIS, WITHOUT WARRANTIES OR CONDITIONS OF ANY
KIND, either express or implied.  See the License for the
specific language governing permissions and limitations
under the License.
-->

<forms xmlns:xsi="http://www.w3.org/2001/XMLSchema-instance" 
        xmlns="http://ofbiz.apache.org/Widget-Form" xsi:schemaLocation="http://ofbiz.apache.org/Widget-Form http://ofbiz.apache.org/dtds/widget-form.xsd">

    <form name="ExamplePortlet1Edit" extends="CommonPortletEdit" extends-resource="component://common/widget/PortletEditForms.xml">
        <field name="ItemsToShow">
            <drop-down allow-empty="false">
                <option key="5"/>
                <option key="15"/>
                <option key="20"/>
                <option key="25"/>
                <option key="30"/>
                <option key="35"/>
            </drop-down>
        </field>
        <field name="SpecificTitle">
            <text/>
        </field>
        <field name="updateButton"><submit/></field>
    </form>

    <form name="ExamplePortlet2Edit" extends="CommonPortletEdit" extends-resource="component://common/widget/PortletEditForms.xml">
        <field name="nextPortalPageId">
            <lookup target-form-name="LookupPortalPage"/>
        </field>
        <field name="nextParentPortalPageId">
            <lookup target-form-name="LookupPortalPage"/>
        </field>
        <field name="updateButton"><submit/></field>
    </form>
    
    <form name="ExamplePortlet3Edit" extends="CommonPortletEdit" extends-resource="component://common/widget/PortletEditForms.xml">
        <field name="SpecificTitle">
            <text/>
        </field>
        <field name="SpecificSubTitle">
            <text/>
        </field>
        <field name="updateButton"><submit/></field>
    </form>

</forms>
